Neighborhood,Date,permits_count,du_added,permits_trailing6,permits_trailing12,du_added_trailing6
Beverly Hills,2020-01-31,41,2.0,41.0,41.0,2.0
Beverly Hills,2020-02-29,29,2.0,70.0,70.0,4.0
Beverly Hills,2020-03-31,26,0.0,96.0,96.0,4.0
Beverly Hills,2020-04-30,12,0.0,108.0,108.0,4.0
Beverly Hills,2020-05-31,19,0.0,127.0,127.0,4.0
Beverly Hills,2020-06-30,17,-1.0,144.0,144.0,3.0
Beverly Hills,2020-07-31,24,-1.0,127.0,168.0,0.0
Beverly Hills,2020-08-31,23,0.0,121.0,191.0,-2.0
Beverly Hills,2020-09-30,26,1.0,121.0,217.0,-1.0
Beverly Hills,2020-10-31,25,0.0,134.0,242.0,-1.0
Beverly Hills,2020-11-30,21,-1.0,136.0,263.0,-2.0
Beverly Hills,2020-12-31,25,0.0,144.0,288.0,-1.0
Beverly Hills,2021-01-31,26,0.0,146.0,273.0,0.0
Beverly Hills,2021-02-28,18,0.0,141.0,262.0,0.0
Beverly Hills,2021-03-31,39,0.0,154.0,275.0,-1.0
Beverly Hills,2021-04-30,30,0.0,159.0,293.0,-1.0
Beverly Hills,2021-05-31,32,1.0,170.0,306.0,1.0
Beverly Hills,2021-06-30,23,0.0,168.0,312.0,1.0
Beverly Hills,2021-07-31,36,1.0,178.0,324.0,2.0
Beverly Hills,2021-08-31,28,-1.0,188.0,329.0,1.0
Beverly Hills,2021-09-30,21,1.0,170.0,324.0,2.0
Beverly Hills,2021-10-31,17,1.0,157.0,316.0,3.0
Beverly Hills,2021-11-30,21,0.0,146.0,316.0,2.0
Beverly Hills,2021-12-31,19,0.0,142.0,310.0,2.0
Beverly Hills,2022-01-31,23,-1.0,129.0,307.0,0.0
Beverly Hills,2022-02-28,17,1.0,118.0,306.0,2.0
Beverly Hills,2022-03-31,29,1.0,126.0,296.0,2.0
Beverly Hills,2022-04-30,22,0.0,131.0,288.0,1.0
Beverly Hills,2022-05-31,30,1.0,140.0,286.0,2.0
Beverly Hills,2022-06-30,33,-1.0,154.0,296.0,1.0
Beverly Hills,2022-07-31,25,3.0,156.0,285.0,5.0
Beverly Hills,2022-08-31,30,-3.0,169.0,287.0,1.0
Beverly Hills,2022-09-30,30,1.0,170.0,296.0,1.0
Beverly Hills,2022-10-31,40,0.0,188.0,319.0,1.0
Beverly Hills,2022-11-30,17,0.0,175.0,315.0,0.0
Beverly Hills,2022-12-31,26,2.0,168.0,322.0,3.0
Beverly Hills,2023-01-31,23,0.0,166.0,322.0,0.0
Beverly Hills,2023-02-28,28,0.0,164.0,333.0,3.0
Beverly Hills,2023-03-31,20,1.0,154.0,324.0,3.0
Beverly Hills,2023-04-30,24,-1.0,138.0,326.0,2.0
Beverly Hills,2023-05-31,27,1.0,148.0,323.0,3.0
Beverly Hills,2023-06-30,24,0.0,146.0,314.0,1.0
Beverly Hills,2023-07-31,34,1.0,157.0,323.0,2.0
Beverly Hills,2023-08-31,38,-1.0,167.0,331.0,1.0
Beverly Hills,2023-09-30,27,0.0,174.0,328.0,0.0
Beverly Hills,2023-10-31,27,0.0,177.0,315.0,1.0
Beverly Hills,2023-11-30,20,1.0,170.0,318.0,1.0
Beverly Hills,2023-12-31,14,0.0,160.0,306.0,1.0
Beverly Hills,2024-01-31,28,0.0,154.0,311.0,0.0
Beverly Hills,2024-02-29,26,0.0,142.0,309.0,1.0
Beverly Hills,2024-03-31,29,-1.0,144.0,318.0,0.0
Beverly Hills,2024-04-30,33,0.0,150.0,327.0,0.0
Beverly Hills,2024-05-31,29,1.0,159.0,329.0,0.0
Beverly Hills,2024-06-30,23,1.0,168.0,328.0,1.0
Beverly Hills,2024-07-31,17,0.0,157.0,311.0,1.0
Beverly Hills,2024-08-31,27,0.0,158.0,300.0,1.0
Beverly Hills,2024-09-30,28,-2.0,157.0,301.0,0.0
Beverly Hills,2024-10-31,30,-1.0,154.0,304.0,-1.0
Beverly Hills,2024-11-30,18,0.0,143.0,302.0,-2.0
Beverly Hills,2024-12-31,22,-1.0,142.0,310.0,-4.0
Beverly Hills,2025-01-31,26,-1.0,151.0,308.0,-5.0
Beverly Hills,2025-02-28,34,3.0,158.0,316.0,-2.0
Beverly Hills,2025-03-31,28,0.0,158.0,315.0,0.0
Beverly Hills,2025-04-30,27,0.0,155.0,309.0,1.0
Beverly Hills,2025-05-31,43,6.0,180.0,323.0,7.0
Beverly Hills,2025-06-30,29,1.0,187.0,329.0,9.0
Beverly Hills,2025-07-31,25,0.0,186.0,337.0,10.0
Beverly Hills,2025-08-31,22,1.0,174.0,332.0,8.0
Beverly Hills,2025-09-30,24,1.0,170.0,328.0,9.0
Beverly Hills,2025-10-31,23,0.0,166.0,321.0,9.0
Beverly Hills,2025-11-30,19,2.0,142.0,322.0,5.0
Beverly Hills,2025-12-31,14,1.0,127.0,314.0,5.0
Boyle Heights,2020-01-31,20,22.0,20.0,20.0,22.0
Boyle Heights,2020-02-29,26,12.0,46.0,46.0,34.0
Boyle Heights,2020-03-31,22,3.0,68.0,68.0,37.0
Boyle Heights,2020-04-30,16,-1.0,84.0,84.0,36.0
Boyle Heights,2020-05-31,15,2.0,99.0,99.0,38.0
Boyle Heights,2020-06-30,8,2.0,107.0,107.0,40.0
Boyle Heights,2020-07-31,19,0.0,106.0,126.0,18.0
Boyle Heights,2020-08-31,12,4.0,92.0,138.0,10.0
Boyle Heights,2020-09-30,22,-1.0,92.0,160.0,6.0
Boyle Heights,2020-10-31,23,4.0,99.0,183.0,11.0
Boyle Heights,2020-11-30,25,3.0,109.0,208.0,12.0
Boyle Heights,2020-12-31,60,1.0,161.0,268.0,11.0
Boyle Heights,2021-01-31,20,15.0,162.0,268.0,26.0
Boyle Heights,2021-02-28,27,1.0,177.0,269.0,23.0
Boyle Heights,2021-03-31,35,-1.0,190.0,282.0,23.0
Boyle Heights,2021-04-30,21,9.0,188.0,287.0,28.0
Boyle Heights,2021-05-31,21,4.0,184.0,293.0,29.0
Boyle Heights,2021-06-30,24,-2.0,148.0,309.0,26.0
Boyle Heights,2021-07-31,23,75.0,151.0,313.0,86.0
Boyle Heights,2021-08-31,29,14.0,153.0,330.0,99.0
Boyle Heights,2021-09-30,10,0.0,128.0,318.0,100.0
Boyle Heights,2021-10-31,41,35.0,148.0,336.0,126.0
Boyle Heights,2021-11-30,17,1.0,144.0,328.0,123.0
Boyle Heights,2021-12-31,11,109.0,131.0,279.0,234.0
Boyle Heights,2022-01-31,19,-3.0,127.0,278.0,156.0
Boyle Heights,2022-02-28,14,21.0,112.0,265.0,163.0
Boyle Heights,2022-03-31,29,2.0,131.0,259.0,165.0
Boyle Heights,2022-04-30,24,1.0,114.0,262.0,131.0
Boyle Heights,2022-05-31,21,73.0,118.0,262.0,203.0
Boyle Heights,2022-06-30,37,6.0,144.0,275.0,100.0
Boyle Heights,2022-07-31,41,24.0,166.0,293.0,127.0
Boyle Heights,2022-08-31,21,4.0,173.0,285.0,110.0
Boyle Heights,2022-09-30,22,0.0,166.0,297.0,108.0
Boyle Heights,2022-10-31,34,-3.0,176.0,290.0,104.0
Boyle Heights,2022-11-30,35,-1.0,190.0,308.0,30.0
Boyle Heights,2022-12-31,27,-3.0,180.0,324.0,21.0
Boyle Heights,2023-01-31,25,2.0,164.0,330.0,-1.0
Boyle Heights,2023-02-28,30,7.0,173.0,346.0,2.0
Boyle Heights,2023-03-31,30,1.0,181.0,347.0,3.0
Boyle Heights,2023-04-30,29,23.0,176.0,352.0,29.0
Boyle Heights,2023-05-31,29,41.0,170.0,360.0,71.0
Boyle Heights,2023-06-30,38,4.0,181.0,361.0,78.0
Boyle Heights,2023-07-31,33,0.0,189.0,353.0,76.0
Boyle Heights,2023-08-31,48,9.0,207.0,380.0,78.0
Boyle Heights,2023-09-30,18,-3.0,195.0,376.0,74.0
Boyle Heights,2023-10-31,25,1.0,191.0,367.0,52.0
Boyle Heights,2023-11-30,27,4.0,189.0,359.0,15.0
Boyle Heights,2023-12-31,18,16.0,169.0,350.0,27.0
Boyle Heights,2024-01-31,18,-2.0,154.0,343.0,25.0
Boyle Heights,2024-02-29,27,10.0,133.0,340.0,26.0
Boyle Heights,2024-03-31,26,10.0,141.0,336.0,39.0
Boyle Heights,2024-04-30,39,-2.0,155.0,346.0,36.0
Boyle Heights,2024-05-31,28,-5.0,156.0,345.0,27.0
Boyle Heights,2024-06-30,28,70.0,166.0,335.0,81.0
Boyle Heights,2024-07-31,51,14.0,199.0,353.0,97.0
Boyle Heights,2024-08-31,32,6.0,204.0,337.0,93.0
Boyle Heights,2024-09-30,25,1.0,203.0,344.0,84.0
Boyle Heights,2024-10-31,40,0.0,204.0,359.0,86.0
Boyle Heights,2024-11-30,36,16.0,212.0,368.0,107.0
Boyle Heights,2024-12-31,29,88.0,213.0,379.0,125.0
Boyle Heights,2025-01-31,26,24.0,188.0,387.0,135.0
Boyle Heights,2025-02-28,31,5.0,187.0,391.0,134.0
Boyle Heights,2025-03-31,25,1.0,187.0,390.0,134.0
Boyle Heights,2025-04-30,43,41.0,190.0,394.0,175.0
Boyle Heights,2025-05-31,29,14.0,183.0,395.0,173.0
Boyle Heights,2025-06-30,25,11.0,179.0,392.0,96.0
Boyle Heights,2025-07-31,16,-1.0,169.0,357.0,71.0
Boyle Heights,2025-08-31,33,48.0,171.0,358.0,114.0
Boyle Heights,2025-09-30,27,0.0,173.0,360.0,113.0
Boyle Heights,2025-10-31,30,0.0,160.0,350.0,72.0
Boyle Heights,2025-11-30,18,1.0,149.0,332.0,59.0
Boyle Heights,2025-12-31,19,1.0,143.0,322.0,49.0
Brentwood,2020-01-31,97,-22.0,97.0,97.0,-22.0
Brentwood,2020-02-29,106,-4.0,203.0,203.0,-26.0
Brentwood,2020-03-31,75,-2.0,278.0,278.0,-28.0
Brentwood,2020-04-30,34,0.0,312.0,312.0,-28.0
Brentwood,2020-05-31,64,1.0,376.0,376.0,-27.0
Brentwood,2020-06-30,78,1.0,454.0,454.0,-26.0
Brentwood,2020-07-31,93,-4.0,450.0,547.0,-8.0
Brentwood,2020-08-31,60,-2.0,404.0,607.0,-6.0
Brentwood,2020-09-30,91,36.0,420.0,698.0,32.0
Brentwood,2020-10-31,54,-1.0,440.0,752.0,31.0
Brentwood,2020-11-30,59,1.0,435.0,811.0,31.0
Brentwood,2020-12-31,44,-2.0,401.0,855.0,28.0
Brentwood,2021-01-31,74,2.0,382.0,832.0,34.0
Brentwood,2021-02-28,47,1.0,369.0,773.0,37.0
Brentwood,2021-03-31,88,1.0,366.0,786.0,2.0
Brentwood,2021-04-30,82,2.0,394.0,834.0,5.0
Brentwood,2021-05-31,73,-7.0,408.0,843.0,-3.0
Brentwood,2021-06-30,86,-1.0,450.0,851.0,-2.0
Brentwood,2021-07-31,71,2.0,447.0,829.0,-2.0
Brentwood,2021-08-31,82,-2.0,482.0,851.0,-5.0
Brentwood,2021-09-30,68,-2.0,462.0,828.0,-8.0
Brentwood,2021-10-31,90,0.0,470.0,864.0,-10.0
Brentwood,2021-11-30,71,6.0,468.0,876.0,3.0
Brentwood,2021-12-31,58,18.0,440.0,890.0,22.0
Brentwood,2022-01-31,63,-1.0,432.0,879.0,19.0
Brentwood,2022-02-28,52,0.0,402.0,884.0,21.0
Brentwood,2022-03-31,112,-3.0,446.0,908.0,20.0
Brentwood,2022-04-30,90,0.0,446.0,916.0,20.0
Brentwood,2022-05-31,95,4.0,470.0,938.0,18.0
Brentwood,2022-06-30,87,2.0,499.0,939.0,2.0
Brentwood,2022-07-31,68,-2.0,504.0,936.0,1.0
Brentwood,2022-08-31,113,0.0,565.0,967.0,1.0
Brentwood,2022-09-30,67,2.0,520.0,966.0,6.0
Brentwood,2022-10-31,91,1.0,521.0,967.0,7.0
Brentwood,2022-11-30,79,13.0,505.0,975.0,16.0
Brentwood,2022-12-31,73,-1.0,491.0,990.0,13.0
Brentwood,2023-01-31,62,0.0,485.0,989.0,15.0
Brentwood,2023-02-28,52,2.0,424.0,989.0,17.0
Brentwood,2023-03-31,84,2.0,441.0,961.0,17.0
Brentwood,2023-04-30,64,-2.0,414.0,935.0,14.0
Brentwood,2023-05-31,86,1.0,421.0,926.0,2.0
Brentwood,2023-06-30,90,1.0,438.0,929.0,4.0
Brentwood,2023-07-31,67,-3.0,443.0,928.0,1.0
Brentwood,2023-08-31,101,-5.0,492.0,916.0,-6.0
Brentwood,2023-09-30,82,-4.0,490.0,931.0,-12.0
Brentwood,2023-10-31,90,2.0,516.0,930.0,-8.0
Brentwood,2023-11-30,80,0.0,510.0,931.0,-9.0
Brentwood,2023-12-31,64,1.0,484.0,922.0,-9.0
Brentwood,2024-01-31,73,2.0,490.0,933.0,-4.0
Brentwood,2024-02-29,56,1.0,445.0,937.0,2.0
Brentwood,2024-03-31,80,3.0,443.0,933.0,9.0
Brentwood,2024-04-30,86,2.0,439.0,955.0,9.0
Brentwood,2024-05-31,91,1.0,450.0,960.0,10.0
Brentwood,2024-06-30,74,9.0,460.0,944.0,18.0
Brentwood,2024-07-31,94,-1.0,481.0,971.0,15.0
Brentwood,2024-08-31,94,-1.0,519.0,964.0,13.0
Brentwood,2024-09-30,94,0.0,533.0,976.0,10.0
Brentwood,2024-10-31,87,2.0,534.0,973.0,10.0
Brentwood,2024-11-30,70,2.0,513.0,963.0,11.0
Brentwood,2024-12-31,66,-3.0,505.0,965.0,-1.0
Brentwood,2025-01-31,65,-1.0,476.0,957.0,-1.0
Brentwood,2025-02-28,72,0.0,454.0,973.0,0.0
Brentwood,2025-03-31,90,0.0,450.0,983.0,0.0
Brentwood,2025-04-30,66,1.0,429.0,963.0,-1.0
Brentwood,2025-05-31,76,2.0,435.0,948.0,-1.0
Brentwood,2025-06-30,71,0.0,440.0,945.0,2.0
Brentwood,2025-07-31,102,1.0,477.0,953.0,4.0
Brentwood,2025-08-31,89,2.0,494.0,948.0,6.0
Brentwood,2025-09-30,98,-2.0,502.0,952.0,4.0
Brentwood,2025-10-31,85,4.0,521.0,950.0,7.0
Brentwood,2025-11-30,57,3.0,502.0,937.0,8.0
Brentwood,2025-12-31,61,-12.0,492.0,932.0,-4.0
Culver City,2020-01-31,19,79.0,19.0,19.0,79.0
Culver City,2020-02-29,10,0.0,29.0,29.0,79.0
Culver City,2020-03-31,13,0.0,42.0,42.0,79.0
Culver City,2020-04-30,4,0.0,46.0,46.0,79.0
Culver City,2020-05-31,4,0.0,50.0,50.0,79.0
Culver City,2020-06-30,25,7.0,75.0,75.0,86.0
Culver City,2020-07-31,14,-1.0,70.0,89.0,6.0
Culver City,2020-08-31,10,1.0,70.0,99.0,7.0
Culver City,2020-09-30,14,1.0,71.0,113.0,8.0
Culver City,2020-10-31,21,-3.0,88.0,134.0,5.0
Culver City,2020-11-30,14,0.0,98.0,148.0,5.0
Culver City,2020-12-31,9,0.0,82.0,157.0,-2.0
Culver City,2021-01-31,14,0.0,82.0,152.0,-1.0
Culver City,2021-02-28,5,-2.0,77.0,147.0,-4.0
Culver City,2021-03-31,20,0.0,83.0,154.0,-5.0
Culver City,2021-04-30,14,-1.0,76.0,164.0,-3.0
Culver City,2021-05-31,11,42.0,73.0,171.0,39.0
Culver City,2021-06-30,17,0.0,81.0,163.0,39.0
Culver City,2021-07-31,9,139.0,76.0,158.0,178.0
Culver City,2021-08-31,12,-1.0,83.0,160.0,179.0
Culver City,2021-09-30,8,0.0,71.0,154.0,179.0
Culver City,2021-10-31,15,112.0,72.0,148.0,292.0
Culver City,2021-11-30,16,74.0,77.0,150.0,324.0
Culver City,2021-12-31,15,0.0,75.0,156.0,324.0
Culver City,2022-01-31,12,0.0,78.0,154.0,185.0
Culver City,2022-02-28,10,1.0,76.0,159.0,187.0
Culver City,2022-03-31,15,2.0,83.0,154.0,189.0
Culver City,2022-04-30,11,1.0,79.0,151.0,78.0
Culver City,2022-05-31,12,0.0,75.0,152.0,4.0
Culver City,2022-06-30,8,0.0,68.0,143.0,4.0
Culver City,2022-07-31,15,0.0,71.0,149.0,4.0
Culver City,2022-08-31,14,0.0,75.0,151.0,3.0
Culver City,2022-09-30,6,0.0,66.0,149.0,1.0
Culver City,2022-10-31,15,-4.0,70.0,149.0,-4.0
Culver City,2022-11-30,12,-4.0,70.0,145.0,-8.0
Culver City,2022-12-31,12,0.0,74.0,142.0,-8.0
Culver City,2023-01-31,13,0.0,72.0,143.0,-8.0
Culver City,2023-02-28,12,0.0,70.0,145.0,-8.0
Culver City,2023-03-31,14,-2.0,78.0,144.0,-10.0
Culver City,2023-04-30,14,0.0,77.0,147.0,-6.0
Culver City,2023-05-31,28,3.0,93.0,163.0,1.0
Culver City,2023-06-30,9,-3.0,90.0,164.0,-2.0
Culver City,2023-07-31,19,1.0,96.0,168.0,-1.0
Culver City,2023-08-31,13,0.0,97.0,167.0,-1.0
Culver City,2023-09-30,8,0.0,91.0,169.0,1.0
Culver City,2023-10-31,15,1.0,92.0,169.0,2.0
Culver City,2023-11-30,15,-1.0,79.0,172.0,-2.0
Culver City,2023-12-31,15,0.0,85.0,175.0,1.0
Culver City,2024-01-31,11,0.0,77.0,173.0,0.0
Culver City,2024-02-29,11,0.0,75.0,172.0,0.0
Culver City,2024-03-31,22,6.0,89.0,180.0,6.0
Culver City,2024-04-30,9,0.0,83.0,175.0,5.0
Culver City,2024-05-31,21,0.0,89.0,168.0,6.0
Culver City,2024-06-30,17,0.0,91.0,176.0,6.0
Culver City,2024-07-31,16,0.0,96.0,173.0,6.0
Culver City,2024-08-31,14,11.0,99.0,174.0,17.0
Culver City,2024-09-30,16,0.0,93.0,182.0,11.0
Culver City,2024-10-31,22,-1.0,106.0,189.0,10.0
Culver City,2024-11-30,14,-2.0,99.0,188.0,8.0
Culver City,2024-12-31,13,12.0,95.0,186.0,20.0
Culver City,2025-01-31,17,1.0,96.0,192.0,21.0
Culver City,2025-02-28,7,1.0,89.0,188.0,11.0
Culver City,2025-03-31,15,0.0,88.0,181.0,11.0
Culver City,2025-04-30,13,0.0,79.0,185.0,12.0
Culver City,2025-05-31,14,2.0,79.0,178.0,16.0
Culver City,2025-06-30,13,0.0,79.0,174.0,4.0
Culver City,2025-07-31,18,45.0,80.0,176.0,48.0
Culver City,2025-08-31,23,184.0,96.0,185.0,231.0
Culver City,2025-09-30,17,0.0,98.0,186.0,231.0
Culver City,2025-10-31,8,0.0,93.0,172.0,231.0
Culver City,2025-11-30,17,107.0,96.0,175.0,336.0
Culver City,2025-12-31,15,0.0,98.0,177.0,336.0
Downtown LA,2020-01-31,8,0.0,8.0,8.0,0.0
Downtown LA,2020-02-29,16,0.0,24.0,24.0,0.0
Downtown LA,2020-03-31,9,0.0,33.0,33.0,0.0
Downtown LA,2020-04-30,19,0.0,52.0,52.0,0.0
Downtown LA,2020-05-31,9,-1.0,61.0,61.0,-1.0
Downtown LA,2020-06-30,21,1.0,82.0,82.0,0.0
Downtown LA,2020-07-31,25,785.0,99.0,107.0,785.0
Downtown LA,2020-08-31,11,121.0,94.0,118.0,906.0
Downtown LA,2020-09-30,8,0.0,93.0,126.0,906.0
Downtown LA,2020-10-31,7,0.0,81.0,133.0,906.0
Downtown LA,2020-11-30,13,60.0,85.0,146.0,967.0
Downtown LA,2020-12-31,6,507.0,70.0,152.0,1473.0
Downtown LA,2021-01-31,13,0.0,58.0,157.0,688.0
Downtown LA,2021-02-28,13,0.0,60.0,154.0,567.0
Downtown LA,2021-03-31,11,0.0,63.0,156.0,567.0
Downtown LA,2021-04-30,15,0.0,71.0,152.0,567.0
Downtown LA,2021-05-31,12,0.0,70.0,155.0,507.0
Downtown LA,2021-06-30,8,-2.0,72.0,142.0,-2.0
Downtown LA,2021-07-31,18,4.0,77.0,135.0,2.0
Downtown LA,2021-08-31,22,-8.0,86.0,146.0,-6.0
Downtown LA,2021-09-30,16,92.0,91.0,154.0,86.0
Downtown LA,2021-10-31,10,0.0,86.0,157.0,86.0
Downtown LA,2021-11-30,17,0.0,91.0,161.0,86.0
Downtown LA,2021-12-31,21,6.0,104.0,176.0,94.0
Downtown LA,2022-01-31,6,45.0,92.0,169.0,135.0
Downtown LA,2022-02-28,11,0.0,81.0,167.0,143.0
Downtown LA,2022-03-31,16,0.0,81.0,172.0,51.0
Downtown LA,2022-04-30,16,-4.0,87.0,173.0,47.0
Downtown LA,2022-05-31,17,281.0,87.0,178.0,328.0
Downtown LA,2022-06-30,14,0.0,80.0,184.0,322.0
Downtown LA,2022-07-31,11,0.0,85.0,177.0,277.0
Downtown LA,2022-08-31,20,0.0,94.0,175.0,277.0
Downtown LA,2022-09-30,23,0.0,101.0,182.0,277.0
Downtown LA,2022-10-31,11,0.0,96.0,183.0,281.0
Downtown LA,2022-11-30,16,0.0,95.0,182.0,0.0
Downtown LA,2022-12-31,14,0.0,95.0,175.0,0.0
Downtown LA,2023-01-31,8,0.0,92.0,177.0,0.0
Downtown LA,2023-02-28,11,218.0,83.0,177.0,218.0
Downtown LA,2023-03-31,13,0.0,73.0,174.0,218.0
Downtown LA,2023-04-30,14,103.0,76.0,172.0,321.0
Downtown LA,2023-05-31,26,170.0,86.0,181.0,491.0
Downtown LA,2023-06-30,15,0.0,87.0,182.0,491.0
Downtown LA,2023-07-31,15,-7.0,94.0,186.0,484.0
Downtown LA,2023-08-31,14,302.0,97.0,180.0,568.0
Downtown LA,2023-09-30,10,0.0,94.0,167.0,568.0
Downtown LA,2023-10-31,14,0.0,94.0,170.0,465.0
Downtown LA,2023-11-30,11,9.0,79.0,165.0,304.0
Downtown LA,2023-12-31,11,0.0,75.0,162.0,304.0
Downtown LA,2024-01-31,14,240.0,74.0,168.0,551.0
Downtown LA,2024-02-29,7,1.0,67.0,164.0,250.0
Downtown LA,2024-03-31,8,4.0,65.0,159.0,254.0
Downtown LA,2024-04-30,11,0.0,62.0,156.0,254.0
Downtown LA,2024-05-31,11,-2.0,62.0,141.0,243.0
Downtown LA,2024-06-30,9,0.0,60.0,135.0,243.0
Downtown LA,2024-07-31,9,0.0,55.0,129.0,3.0
Downtown LA,2024-08-31,9,4.0,57.0,124.0,6.0
Downtown LA,2024-09-30,11,-2.0,60.0,125.0,0.0
Downtown LA,2024-10-31,10,0.0,59.0,121.0,0.0
Downtown LA,2024-11-30,7,1.0,55.0,117.0,3.0
Downtown LA,2024-12-31,8,0.0,54.0,114.0,3.0
Downtown LA,2025-01-31,8,0.0,53.0,108.0,3.0
Downtown LA,2025-02-28,11,0.0,55.0,112.0,-1.0
Downtown LA,2025-03-31,20,0.0,64.0,124.0,1.0
Downtown LA,2025-04-30,7,0.0,61.0,120.0,1.0
Downtown LA,2025-05-31,13,0.0,67.0,122.0,0.0
Downtown LA,2025-06-30,14,0.0,73.0,127.0,0.0
Downtown LA,2025-07-31,11,0.0,76.0,129.0,0.0
Downtown LA,2025-08-31,14,1.0,79.0,134.0,1.0
Downtown LA,2025-09-30,10,0.0,69.0,133.0,1.0
Downtown LA,2025-10-31,15,0.0,77.0,138.0,1.0
Downtown LA,2025-11-30,8,0.0,72.0,139.0,1.0
Downtown LA,2025-12-31,5,0.0,63.0,136.0,1.0
Exposition Park,2020-01-31,44,2.0,44.0,44.0,2.0
Exposition Park,2020-02-29,43,29.0,87.0,87.0,31.0
Exposition Park,2020-03-31,18,10.0,105.0,105.0,41.0
Exposition Park,2020-04-30,11,5.0,116.0,116.0,46.0
Exposition Park,2020-05-31,19,8.0,135.0,135.0,54.0
Exposition Park,2020-06-30,16,78.0,151.0,151.0,132.0
Exposition Park,2020-07-31,20,2.0,127.0,171.0,132.0
Exposition Park,2020-08-31,19,6.0,103.0,190.0,109.0
Exposition Park,2020-09-30,20,3.0,105.0,210.0,102.0
Exposition Park,2020-10-31,26,48.0,120.0,236.0,145.0
Exposition Park,2020-11-30,14,-25.0,115.0,250.0,112.0
Exposition Park,2020-12-31,20,44.0,119.0,270.0,78.0
Exposition Park,2021-01-31,27,47.0,126.0,253.0,123.0
Exposition Park,2021-02-28,23,10.0,130.0,233.0,127.0
Exposition Park,2021-03-31,33,46.0,143.0,248.0,170.0
Exposition Park,2021-04-30,26,2.0,143.0,263.0,124.0
Exposition Park,2021-05-31,20,4.0,149.0,264.0,153.0
Exposition Park,2021-06-30,20,61.0,149.0,268.0,170.0
Exposition Park,2021-07-31,25,3.0,147.0,273.0,126.0
Exposition Park,2021-08-31,24,3.0,148.0,278.0,119.0
Exposition Park,2021-09-30,25,-3.0,140.0,283.0,70.0
Exposition Park,2021-10-31,31,1.0,145.0,288.0,69.0
Exposition Park,2021-11-30,28,0.0,153.0,302.0,65.0
Exposition Park,2021-12-31,25,6.0,158.0,307.0,10.0
Exposition Park,2022-01-31,39,19.0,172.0,319.0,26.0
Exposition Park,2022-02-28,24,16.0,172.0,320.0,39.0
Exposition Park,2022-03-31,29,0.0,176.0,316.0,42.0
Exposition Park,2022-04-30,38,68.0,183.0,328.0,109.0
Exposition Park,2022-05-31,44,9.0,199.0,352.0,118.0
Exposition Park,2022-06-30,43,8.0,217.0,375.0,120.0
Exposition Park,2022-07-31,40,0.0,218.0,390.0,101.0
Exposition Park,2022-08-31,27,1.0,221.0,393.0,86.0
Exposition Park,2022-09-30,27,12.0,219.0,395.0,98.0
Exposition Park,2022-10-31,24,-1.0,205.0,388.0,29.0
Exposition Park,2022-11-30,32,2.0,193.0,392.0,22.0
Exposition Park,2022-12-31,32,9.0,182.0,399.0,23.0
Exposition Park,2023-01-31,31,1.0,173.0,391.0,24.0
Exposition Park,2023-02-28,32,8.0,178.0,399.0,31.0
Exposition Park,2023-03-31,40,55.0,191.0,410.0,74.0
Exposition Park,2023-04-30,33,1.0,200.0,405.0,76.0
Exposition Park,2023-05-31,24,7.0,192.0,385.0,81.0
Exposition Park,2023-06-30,36,46.0,196.0,378.0,118.0
Exposition Park,2023-07-31,27,2.0,192.0,365.0,119.0
Exposition Park,2023-08-31,42,61.0,202.0,380.0,172.0
Exposition Park,2023-09-30,32,25.0,194.0,385.0,142.0
Exposition Park,2023-10-31,51,19.0,212.0,412.0,160.0
Exposition Park,2023-11-30,35,6.0,223.0,415.0,159.0
Exposition Park,2023-12-31,20,36.0,207.0,403.0,149.0
Exposition Park,2024-01-31,25,-9.0,205.0,397.0,138.0
Exposition Park,2024-02-29,21,47.0,184.0,386.0,124.0
Exposition Park,2024-03-31,39,2.0,191.0,385.0,101.0
Exposition Park,2024-04-30,31,-2.0,171.0,383.0,80.0
Exposition Park,2024-05-31,33,0.0,169.0,392.0,74.0
Exposition Park,2024-06-30,25,4.0,174.0,381.0,42.0
Exposition Park,2024-07-31,16,2.0,165.0,370.0,53.0
Exposition Park,2024-08-31,41,23.0,185.0,369.0,29.0
Exposition Park,2024-09-30,39,0.0,185.0,376.0,27.0
Exposition Park,2024-10-31,46,35.0,200.0,371.0,64.0
Exposition Park,2024-11-30,26,429.0,193.0,362.0,493.0
Exposition Park,2024-12-31,33,7.0,201.0,375.0,496.0
Exposition Park,2025-01-31,35,3.0,220.0,385.0,497.0
Exposition Park,2025-02-28,30,-1.0,209.0,394.0,473.0
Exposition Park,2025-03-31,26,4.0,196.0,381.0,477.0
Exposition Park,2025-04-30,34,-8.0,184.0,384.0,434.0
Exposition Park,2025-05-31,25,0.0,183.0,376.0,5.0
Exposition Park,2025-06-30,21,4.0,171.0,372.0,2.0
Exposition Park,2025-07-31,36,6.0,172.0,392.0,5.0
Exposition Park,2025-08-31,25,0.0,167.0,376.0,6.0
Exposition Park,2025-09-30,44,6.0,185.0,381.0,8.0
Exposition Park,2025-10-31,37,-1.0,188.0,372.0,15.0
Exposition Park,2025-11-30,20,48.0,183.0,366.0,63.0
Exposition Park,2025-12-31,24,4.0,186.0,357.0,63.0
Glassell Park,2020-01-31,65,2.0,65.0,65.0,2.0
Glassell Park,2020-02-29,62,5.0,127.0,127.0,7.0
Glassell Park,2020-03-31,87,59.0,214.0,214.0,66.0
Glassell Park,2020-04-30,25,2.0,239.0,239.0,68.0
Glassell Park,2020-05-31,28,0.0,267.0,267.0,68.0
Glassell Park,2020-06-30,40,0.0,307.0,307.0,68.0
Glassell Park,2020-07-31,78,1.0,320.0,385.0,67.0
Glassell Park,2020-08-31,44,0.0,302.0,429.0,62.0
Glassell Park,2020-09-30,63,-3.0,278.0,492.0,0.0
Glassell Park,2020-10-31,80,1.0,333.0,572.0,-1.0
Glassell Park,2020-11-30,53,1.0,358.0,625.0,0.0
Glassell Park,2020-12-31,49,-1.0,367.0,674.0,-1.0
Glassell Park,2021-01-31,46,1.0,335.0,655.0,-1.0
Glassell Park,2021-02-28,44,1.0,335.0,637.0,0.0
Glassell Park,2021-03-31,57,10.0,329.0,607.0,13.0
Glassell Park,2021-04-30,48,-1.0,297.0,630.0,11.0
Glassell Park,2021-05-31,40,0.0,284.0,642.0,10.0
Glassell Park,2021-06-30,48,-1.0,283.0,650.0,10.0
Glassell Park,2021-07-31,45,1.0,282.0,617.0,10.0
Glassell Park,2021-08-31,50,1.0,288.0,623.0,10.0
Glassell Park,2021-09-30,57,3.0,288.0,617.0,3.0
Glassell Park,2021-10-31,53,-4.0,293.0,590.0,0.0
Glassell Park,2021-11-30,40,0.0,293.0,577.0,0.0
Glassell Park,2021-12-31,38,10.0,283.0,566.0,11.0
Glassell Park,2022-01-31,55,10.0,293.0,575.0,20.0
Glassell Park,2022-02-28,47,0.0,290.0,578.0,19.0
Glassell Park,2022-03-31,67,0.0,300.0,588.0,16.0
Glassell Park,2022-04-30,79,2.0,326.0,619.0,22.0
Glassell Park,2022-05-31,65,1.0,351.0,644.0,23.0
Glassell Park,2022-06-30,66,1.0,379.0,662.0,14.0
Glassell Park,2022-07-31,56,2.0,380.0,673.0,6.0
Glassell Park,2022-08-31,57,2.0,390.0,680.0,8.0
Glassell Park,2022-09-30,51,6.0,374.0,674.0,14.0
Glassell Park,2022-10-31,57,2.0,352.0,678.0,14.0
Glassell Park,2022-11-30,58,4.0,345.0,696.0,17.0
Glassell Park,2022-12-31,63,18.0,342.0,721.0,34.0
Glassell Park,2023-01-31,51,0.0,337.0,717.0,32.0
Glassell Park,2023-02-28,47,3.0,327.0,717.0,33.0
Glassell Park,2023-03-31,84,3.0,360.0,734.0,30.0
Glassell Park,2023-04-30,64,3.0,367.0,719.0,31.0
Glassell Park,2023-05-31,74,1.0,383.0,728.0,28.0
Glassell Park,2023-06-30,72,2.0,392.0,734.0,12.0
Glassell Park,2023-07-31,69,340.0,410.0,747.0,352.0
Glassell Park,2023-08-31,73,1.0,436.0,763.0,350.0
Glassell Park,2023-09-30,88,17.0,440.0,800.0,364.0
Glassell Park,2023-10-31,105,3.0,481.0,848.0,364.0
Glassell Park,2023-11-30,61,1.0,468.0,851.0,364.0
Glassell Park,2023-12-31,49,2.0,445.0,837.0,364.0
Glassell Park,2024-01-31,72,-1.0,448.0,858.0,23.0
Glassell Park,2024-02-29,62,1.0,437.0,873.0,23.0
Glassell Park,2024-03-31,82,12.0,431.0,871.0,18.0
Glassell Park,2024-04-30,56,4.0,382.0,863.0,19.0
Glassell Park,2024-05-31,88,0.0,409.0,877.0,18.0
Glassell Park,2024-06-30,60,1.0,420.0,865.0,17.0
Glassell Park,2024-07-31,108,0.0,456.0,904.0,18.0
Glassell Park,2024-08-31,64,3.0,458.0,895.0,20.0
Glassell Park,2024-09-30,65,0.0,441.0,872.0,8.0
Glassell Park,2024-10-31,54,0.0,439.0,821.0,4.0
Glassell Park,2024-11-30,63,4.0,414.0,823.0,8.0
Glassell Park,2024-12-31,78,5.0,432.0,852.0,12.0
Glassell Park,2025-01-31,62,3.0,386.0,842.0,15.0
Glassell Park,2025-02-28,76,6.0,398.0,856.0,18.0
Glassell Park,2025-03-31,78,0.0,411.0,852.0,18.0
Glassell Park,2025-04-30,58,2.0,415.0,854.0,20.0
Glassell Park,2025-05-31,73,0.0,425.0,839.0,16.0
Glassell Park,2025-06-30,53,0.0,400.0,832.0,11.0
Glassell Park,2025-07-31,58,0.0,396.0,782.0,8.0
Glassell Park,2025-08-31,55,0.0,375.0,773.0,2.0
Glassell Park,2025-09-30,66,-1.0,363.0,774.0,1.0
Glassell Park,2025-10-31,60,1.0,365.0,780.0,0.0
Glassell Park,2025-11-30,34,1.0,326.0,751.0,1.0
Glassell Park,2025-12-31,43,1.0,316.0,716.0,2.0
Hancock Park,2020-01-31,55,83.0,55.0,55.0,83.0
Hancock Park,2020-02-29,60,27.0,115.0,115.0,110.0
Hancock Park,2020-03-31,41,233.0,156.0,156.0,343.0
Hancock Park,2020-04-30,27,29.0,183.0,183.0,372.0
Hancock Park,2020-05-31,22,1.0,205.0,205.0,373.0
Hancock Park,2020-06-30,28,-2.0,233.0,233.0,371.0
Hancock Park,2020-07-31,59,28.0,237.0,292.0,316.0
Hancock Park,2020-08-31,27,2.0,204.0,319.0,291.0
Hancock Park,2020-09-30,52,19.0,215.0,371.0,77.0
Hancock Park,2020-10-31,46,9.0,234.0,417.0,57.0
Hancock Park,2020-11-30,41,7.0,253.0,458.0,63.0
Hancock Park,2020-12-31,48,-3.0,273.0,506.0,62.0
Hancock Park,2021-01-31,27,70.0,241.0,478.0,104.0
Hancock Park,2021-02-28,29,22.0,243.0,447.0,124.0
Hancock Park,2021-03-31,44,-1.0,235.0,450.0,104.0
Hancock Park,2021-04-30,46,13.0,235.0,469.0,108.0
Hancock Park,2021-05-31,33,523.0,227.0,480.0,624.0
Hancock Park,2021-06-30,51,-7.0,230.0,503.0,620.0
Hancock Park,2021-07-31,36,-3.0,239.0,480.0,547.0
Hancock Park,2021-08-31,44,31.0,254.0,497.0,556.0
Hancock Park,2021-09-30,44,3.0,254.0,489.0,560.0
Hancock Park,2021-10-31,56,2.0,264.0,499.0,549.0
Hancock Park,2021-11-30,39,3.0,270.0,497.0,29.0
Hancock Park,2021-12-31,42,11.0,261.0,491.0,47.0
Hancock Park,2022-01-31,37,4.0,262.0,501.0,54.0
Hancock Park,2022-02-28,39,255.0,257.0,511.0,278.0
Hancock Park,2022-03-31,66,9.0,279.0,533.0,284.0
Hancock Park,2022-04-30,40,9.0,263.0,527.0,291.0
Hancock Park,2022-05-31,44,31.0,268.0,538.0,319.0
Hancock Park,2022-06-30,54,45.0,280.0,541.0,353.0
Hancock Park,2022-07-31,57,11.0,300.0,562.0,360.0
Hancock Park,2022-08-31,60,-18.0,321.0,578.0,87.0
Hancock Park,2022-09-30,47,0.0,302.0,581.0,78.0
Hancock Park,2022-10-31,45,29.0,307.0,570.0,98.0
Hancock Park,2022-11-30,46,-6.0,309.0,577.0,61.0
Hancock Park,2022-12-31,48,1.0,303.0,583.0,17.0
Hancock Park,2023-01-31,31,38.0,277.0,577.0,44.0
Hancock Park,2023-02-28,41,0.0,258.0,579.0,62.0
Hancock Park,2023-03-31,66,-1.0,277.0,579.0,61.0
Hancock Park,2023-04-30,36,-2.0,268.0,575.0,30.0
Hancock Park,2023-05-31,42,21.0,264.0,573.0,57.0
Hancock Park,2023-06-30,45,0.0,261.0,564.0,56.0
Hancock Park,2023-07-31,50,0.0,280.0,557.0,18.0
Hancock Park,2023-08-31,55,0.0,294.0,552.0,18.0
Hancock Park,2023-09-30,52,-1.0,280.0,557.0,18.0
Hancock Park,2023-10-31,40,0.0,284.0,552.0,20.0
Hancock Park,2023-11-30,51,5.0,293.0,557.0,4.0
Hancock Park,2023-12-31,44,3.0,292.0,553.0,7.0
Hancock Park,2024-01-31,46,4.0,288.0,568.0,11.0
Hancock Park,2024-02-29,41,38.0,274.0,568.0,49.0
Hancock Park,2024-03-31,42,-1.0,264.0,544.0,49.0
Hancock Park,2024-04-30,41,46.0,265.0,549.0,95.0
Hancock Park,2024-05-31,53,4.0,267.0,560.0,94.0
Hancock Park,2024-06-30,35,-1.0,258.0,550.0,90.0
Hancock Park,2024-07-31,52,-2.0,264.0,552.0,84.0
Hancock Park,2024-08-31,35,3.0,258.0,532.0,49.0
Hancock Park,2024-09-30,38,0.0,254.0,518.0,50.0
Hancock Park,2024-10-31,58,1.0,271.0,536.0,5.0
Hancock Park,2024-11-30,34,0.0,252.0,519.0,1.0
Hancock Park,2024-12-31,45,7.0,262.0,520.0,9.0
Hancock Park,2025-01-31,70,-1.0,280.0,544.0,10.0
Hancock Park,2025-02-28,47,31.0,292.0,550.0,38.0
Hancock Park,2025-03-31,35,15.0,289.0,543.0,53.0
Hancock Park,2025-04-30,50,8.0,281.0,552.0,60.0
Hancock Park,2025-05-31,39,0.0,286.0,538.0,60.0
Hancock Park,2025-06-30,33,147.0,274.0,536.0,200.0
Hancock Park,2025-07-31,44,11.0,248.0,528.0,212.0
Hancock Park,2025-08-31,34,-2.0,235.0,527.0,179.0
Hancock Park,2025-09-30,28,0.0,228.0,517.0,164.0
Hancock Park,2025-10-31,47,-1.0,225.0,506.0,155.0
Hancock Park,2025-11-30,42,42.0,228.0,514.0,197.0
Hancock Park,2025-12-31,35,153.0,230.0,504.0,203.0
Highland Park,2020-01-31,73,5.0,73.0,73.0,5.0
Highland Park,2020-02-29,99,1.0,172.0,172.0,6.0
Highland Park,2020-03-31,36,1.0,208.0,208.0,7.0
Highland Park,2020-04-30,33,0.0,241.0,241.0,7.0
Highland Park,2020-05-31,35,0.0,276.0,276.0,7.0
Highland Park,2020-06-30,55,0.0,331.0,331.0,7.0
Highland Park,2020-07-31,57,1.0,315.0,388.0,3.0
Highland Park,2020-08-31,49,1.0,265.0,437.0,3.0
Highland Park,2020-09-30,56,0.0,285.0,493.0,2.0
Highland Park,2020-10-31,63,-1.0,315.0,556.0,1.0
Highland Park,2020-11-30,44,0.0,324.0,600.0,1.0
Highland Park,2020-12-31,49,1.0,318.0,649.0,2.0
Highland Park,2021-01-31,43,2.0,304.0,619.0,3.0
Highland Park,2021-02-28,53,-1.0,308.0,573.0,1.0
Highland Park,2021-03-31,57,1.0,309.0,594.0,2.0
Highland Park,2021-04-30,83,0.0,329.0,644.0,3.0
Highland Park,2021-05-31,72,4.0,357.0,681.0,7.0
Highland Park,2021-06-30,65,1.0,373.0,691.0,7.0
Highland Park,2021-07-31,62,13.0,392.0,696.0,18.0
Highland Park,2021-08-31,48,0.0,387.0,695.0,19.0
Highland Park,2021-09-30,54,4.0,384.0,693.0,22.0
Highland Park,2021-10-31,53,0.0,354.0,683.0,22.0
Highland Park,2021-11-30,45,0.0,327.0,684.0,18.0
Highland Park,2021-12-31,64,1.0,326.0,699.0,18.0
Highland Park,2022-01-31,48,4.0,312.0,704.0,9.0
Highland Park,2022-02-28,45,0.0,309.0,696.0,9.0
Highland Park,2022-03-31,63,0.0,318.0,702.0,5.0
Highland Park,2022-04-30,57,0.0,322.0,676.0,5.0
Highland Park,2022-05-31,73,-3.0,350.0,677.0,2.0
Highland Park,2022-06-30,79,-2.0,365.0,691.0,-1.0
Highland Park,2022-07-31,64,0.0,381.0,693.0,-5.0
Highland Park,2022-08-31,89,-1.0,425.0,734.0,-6.0
Highland Park,2022-09-30,72,2.0,434.0,752.0,-4.0
Highland Park,2022-10-31,67,1.0,444.0,766.0,-3.0
Highland Park,2022-11-30,46,2.0,417.0,767.0,2.0
Highland Park,2022-12-31,57,3.0,395.0,760.0,7.0
Highland Park,2023-01-31,69,13.0,400.0,781.0,20.0
Highland Park,2023-02-28,57,1.0,368.0,793.0,22.0
Highland Park,2023-03-31,72,-2.0,368.0,802.0,18.0
Highland Park,2023-04-30,61,-1.0,362.0,806.0,16.0
Highland Park,2023-05-31,65,32.0,381.0,798.0,46.0
Highland Park,2023-06-30,82,1.0,406.0,801.0,44.0
Highland Park,2023-07-31,63,1.0,400.0,800.0,32.0
Highland Park,2023-08-31,105,4.0,448.0,816.0,35.0
Highland Park,2023-09-30,65,4.0,441.0,809.0,41.0
Highland Park,2023-10-31,68,0.0,448.0,810.0,42.0
Highland Park,2023-11-30,62,1.0,445.0,826.0,11.0
Highland Park,2023-12-31,63,7.0,426.0,832.0,17.0
Highland Park,2024-01-31,53,2.0,416.0,816.0,18.0
Highland Park,2024-02-29,67,1.0,378.0,826.0,15.0
Highland Park,2024-03-31,68,0.0,381.0,822.0,11.0
Highland Park,2024-04-30,77,0.0,390.0,838.0,11.0
Highland Park,2024-05-31,58,3.0,386.0,831.0,13.0
Highland Park,2024-06-30,81,-7.0,404.0,830.0,-1.0
Highland Park,2024-07-31,77,1.0,428.0,844.0,-2.0
Highland Park,2024-08-31,91,11.0,452.0,830.0,8.0
Highland Park,2024-09-30,71,1.0,455.0,836.0,9.0
Highland Park,2024-10-31,82,6.0,460.0,850.0,15.0
Highland Park,2024-11-30,76,0.0,478.0,864.0,12.0
Highland Park,2024-12-31,53,0.0,450.0,854.0,19.0
Highland Park,2025-01-31,66,3.0,439.0,867.0,21.0
Highland Park,2025-02-28,68,-1.0,416.0,868.0,9.0
Highland Park,2025-03-31,91,0.0,436.0,891.0,8.0
Highland Park,2025-04-30,72,0.0,426.0,886.0,2.0
Highland Park,2025-05-31,61,1.0,411.0,889.0,3.0
Highland Park,2025-06-30,71,1.0,429.0,879.0,4.0
Highland Park,2025-07-31,69,24.0,432.0,871.0,25.0
Highland Park,2025-08-31,60,0.0,424.0,840.0,26.0
Highland Park,2025-09-30,57,0.0,390.0,826.0,26.0
Highland Park,2025-10-31,61,1.0,379.0,805.0,27.0
Highland Park,2025-11-30,67,1.0,385.0,796.0,27.0
Highland Park,2025-12-31,63,2.0,377.0,806.0,28.0
Koreatown,2020-01-31,39,78.0,39.0,39.0,78.0
Koreatown,2020-02-29,44,366.0,83.0,83.0,444.0
Koreatown,2020-03-31,36,25.0,119.0,119.0,469.0
Koreatown,2020-04-30,20,-2.0,139.0,139.0,467.0
Koreatown,2020-05-31,21,-8.0,160.0,160.0,459.0
Koreatown,2020-06-30,18,3.0,178.0,178.0,462.0
Koreatown,2020-07-31,34,365.0,173.0,212.0,749.0
Koreatown,2020-08-31,23,61.0,152.0,235.0,444.0
Koreatown,2020-09-30,40,-2.0,156.0,275.0,417.0
Koreatown,2020-10-31,36,26.0,172.0,311.0,445.0
Koreatown,2020-11-30,18,0.0,169.0,329.0,453.0
Koreatown,2020-12-31,34,1.0,185.0,363.0,451.0
Koreatown,2021-01-31,24,155.0,175.0,348.0,241.0
Koreatown,2021-02-28,74,9.0,226.0,378.0,189.0
Koreatown,2021-03-31,38,390.0,224.0,380.0,581.0
Koreatown,2021-04-30,31,113.0,219.0,391.0,668.0
Koreatown,2021-05-31,42,-2.0,243.0,412.0,666.0
Koreatown,2021-06-30,35,-2.0,244.0,429.0,663.0
Koreatown,2021-07-31,37,209.0,257.0,432.0,717.0
Koreatown,2021-08-31,35,298.0,218.0,444.0,1006.0
Koreatown,2021-09-30,34,197.0,214.0,438.0,813.0
Koreatown,2021-10-31,41,96.0,224.0,443.0,796.0
Koreatown,2021-11-30,27,50.0,209.0,452.0,848.0
Koreatown,2021-12-31,28,39.0,202.0,446.0,889.0
Koreatown,2022-01-31,28,6.0,193.0,450.0,686.0
Koreatown,2022-02-28,32,51.0,190.0,408.0,439.0
Koreatown,2022-03-31,31,23.0,187.0,401.0,265.0
Koreatown,2022-04-30,48,510.0,194.0,418.0,679.0
Koreatown,2022-05-31,33,381.0,200.0,409.0,1010.0
Koreatown,2022-06-30,48,15.0,220.0,422.0,986.0
Koreatown,2022-07-31,34,67.0,226.0,419.0,1047.0
Koreatown,2022-08-31,45,25.0,239.0,429.0,1021.0
Koreatown,2022-09-30,56,32.0,264.0,451.0,1030.0
Koreatown,2022-10-31,22,-2.0,238.0,432.0,518.0
Koreatown,2022-11-30,29,34.0,234.0,434.0,171.0
Koreatown,2022-12-31,21,-16.0,207.0,427.0,140.0
Koreatown,2023-01-31,31,1.0,204.0,430.0,74.0
Koreatown,2023-02-28,18,0.0,177.0,416.0,49.0
Koreatown,2023-03-31,37,95.0,158.0,422.0,112.0
Koreatown,2023-04-30,31,259.0,167.0,405.0,373.0
Koreatown,2023-05-31,39,1.0,177.0,411.0,340.0
Koreatown,2023-06-30,35,146.0,191.0,398.0,502.0
Koreatown,2023-07-31,34,31.0,194.0,398.0,532.0
Koreatown,2023-08-31,36,414.0,212.0,389.0,946.0
Koreatown,2023-09-30,34,18.0,209.0,367.0,869.0
Koreatown,2023-10-31,31,-4.0,209.0,376.0,606.0
Koreatown,2023-11-30,31,161.0,201.0,378.0,766.0
Koreatown,2023-12-31,17,0.0,183.0,374.0,620.0
Koreatown,2024-01-31,30,20.0,179.0,373.0,609.0
Koreatown,2024-02-29,33,1.0,176.0,388.0,196.0
Koreatown,2024-03-31,20,-2.0,162.0,371.0,176.0
Koreatown,2024-04-30,34,77.0,165.0,374.0,257.0
Koreatown,2024-05-31,43,-1.0,177.0,378.0,95.0
Koreatown,2024-06-30,27,140.0,187.0,370.0,235.0
Koreatown,2024-07-31,41,107.0,198.0,377.0,322.0
Koreatown,2024-08-31,31,76.0,196.0,372.0,397.0
Koreatown,2024-09-30,25,0.0,201.0,363.0,399.0
Koreatown,2024-10-31,32,3.0,199.0,364.0,325.0
Koreatown,2024-11-30,34,94.0,190.0,367.0,420.0
Koreatown,2024-12-31,24,3.0,187.0,374.0,283.0
Koreatown,2025-01-31,26,0.0,172.0,370.0,176.0
Koreatown,2025-02-28,39,5.0,180.0,376.0,105.0
Koreatown,2025-03-31,35,3.0,190.0,391.0,108.0
Koreatown,2025-04-30,24,3.0,182.0,381.0,108.0
Koreatown,2025-05-31,26,134.0,174.0,364.0,148.0
Koreatown,2025-06-30,25,3.0,175.0,362.0,148.0
Koreatown,2025-07-31,32,35.0,181.0,353.0,183.0
Koreatown,2025-08-31,27,5.0,169.0,349.0,183.0
Koreatown,2025-09-30,30,2.0,164.0,354.0,182.0
Koreatown,2025-10-31,39,-2.0,179.0,361.0,177.0
Koreatown,2025-11-30,22,3.0,175.0,349.0,46.0
Koreatown,2025-12-31,18,0.0,168.0,343.0,43.0
Leimert Park,2020-01-31,36,0.0,36.0,36.0,0.0
Leimert Park,2020-02-29,45,0.0,81.0,81.0,0.0
Leimert Park,2020-03-31,35,0.0,116.0,116.0,0.0
Leimert Park,2020-04-30,13,0.0,129.0,129.0,0.0
Leimert Park,2020-05-31,21,0.0,150.0,150.0,0.0
Leimert Park,2020-06-30,24,0.0,174.0,174.0,0.0
Leimert Park,2020-07-31,32,0.0,170.0,206.0,0.0
Leimert Park,2020-08-31,26,0.0,151.0,232.0,0.0
Leimert Park,2020-09-30,36,0.0,152.0,268.0,0.0
Leimert Park,2020-10-31,46,0.0,185.0,314.0,0.0
Leimert Park,2020-11-30,46,0.0,210.0,360.0,0.0
Leimert Park,2020-12-31,37,0.0,223.0,397.0,0.0
Leimert Park,2021-01-31,30,0.0,221.0,391.0,0.0
Leimert Park,2021-02-28,37,0.0,232.0,383.0,0.0
Leimert Park,2021-03-31,45,1.0,241.0,393.0,1.0
Leimert Park,2021-04-30,45,-4.0,240.0,425.0,-3.0
Leimert Park,2021-05-31,27,0.0,221.0,431.0,-3.0
Leimert Park,2021-06-30,37,0.0,221.0,444.0,-3.0
Leimert Park,2021-07-31,19,0.0,210.0,431.0,-3.0
Leimert Park,2021-08-31,29,124.0,202.0,434.0,121.0
Leimert Park,2021-09-30,44,0.0,201.0,442.0,120.0
Leimert Park,2021-10-31,38,0.0,194.0,434.0,124.0
Leimert Park,2021-11-30,29,36.0,196.0,417.0,160.0
Leimert Park,2021-12-31,41,0.0,200.0,421.0,160.0
Leimert Park,2022-01-31,29,0.0,210.0,420.0,160.0
Leimert Park,2022-02-28,31,0.0,212.0,414.0,36.0
Leimert Park,2022-03-31,46,0.0,214.0,415.0,36.0
Leimert Park,2022-04-30,45,0.0,221.0,415.0,36.0
Leimert Park,2022-05-31,39,0.0,231.0,427.0,0.0
Leimert Park,2022-06-30,64,0.0,254.0,454.0,0.0
Leimert Park,2022-07-31,45,0.0,270.0,480.0,0.0
Leimert Park,2022-08-31,53,0.0,292.0,504.0,0.0
Leimert Park,2022-09-30,45,60.0,291.0,505.0,60.0
Leimert Park,2022-10-31,40,0.0,286.0,507.0,60.0
Leimert Park,2022-11-30,35,0.0,282.0,513.0,60.0
Leimert Park,2022-12-31,40,9.0,258.0,512.0,69.0
Leimert Park,2023-01-31,39,1.0,252.0,522.0,70.0
Leimert Park,2023-02-28,42,70.0,241.0,533.0,140.0
Leimert Park,2023-03-31,33,1.0,229.0,520.0,81.0
Leimert Park,2023-04-30,43,0.0,232.0,518.0,81.0
Leimert Park,2023-05-31,47,0.0,244.0,526.0,81.0
Leimert Park,2023-06-30,42,0.0,246.0,504.0,72.0
Leimert Park,2023-07-31,52,0.0,259.0,511.0,71.0
Leimert Park,2023-08-31,42,0.0,259.0,500.0,1.0
Leimert Park,2023-09-30,42,0.0,268.0,497.0,0.0
Leimert Park,2023-10-31,55,0.0,280.0,512.0,0.0
Leimert Park,2023-11-30,47,0.0,280.0,524.0,0.0
Leimert Park,2023-12-31,52,-1.0,290.0,536.0,-1.0
Leimert Park,2024-01-31,47,0.0,285.0,544.0,-1.0
Leimert Park,2024-02-29,49,0.0,292.0,551.0,-1.0
Leimert Park,2024-03-31,48,0.0,298.0,566.0,-1.0
Leimert Park,2024-04-30,39,0.0,282.0,562.0,-1.0
Leimert Park,2024-05-31,57,0.0,292.0,572.0,-1.0
Leimert Park,2024-06-30,38,0.0,278.0,568.0,0.0
Leimert Park,2024-07-31,39,4.0,270.0,555.0,4.0
Leimert Park,2024-08-31,44,0.0,265.0,557.0,4.0
Leimert Park,2024-09-30,48,0.0,265.0,563.0,4.0
Leimert Park,2024-10-31,61,1.0,287.0,569.0,5.0
Leimert Park,2024-11-30,33,1.0,263.0,555.0,6.0
Leimert Park,2024-12-31,45,0.0,270.0,548.0,6.0
Leimert Park,2025-01-31,36,0.0,267.0,537.0,2.0
Leimert Park,2025-02-28,32,0.0,255.0,520.0,2.0
Leimert Park,2025-03-31,45,1.0,252.0,517.0,3.0
Leimert Park,2025-04-30,43,1.0,234.0,521.0,3.0
Leimert Park,2025-05-31,41,0.0,242.0,505.0,2.0
Leimert Park,2025-06-30,40,0.0,237.0,507.0,2.0
Leimert Park,2025-07-31,33,0.0,234.0,501.0,2.0
Leimert Park,2025-08-31,30,1.0,232.0,487.0,3.0
Leimert Park,2025-09-30,46,0.0,233.0,485.0,2.0
Leimert Park,2025-10-31,54,0.0,244.0,478.0,1.0
Leimert Park,2025-11-30,35,0.0,238.0,480.0,1.0
Leimert Park,2025-12-31,32,0.0,230.0,467.0,1.0
Los Feliz,2020-01-31,59,200.0,59.0,59.0,200.0
Los Feliz,2020-02-29,49,150.0,108.0,108.0,350.0
Los Feliz,2020-03-31,42,96.0,150.0,150.0,446.0
Los Feliz,2020-04-30,21,0.0,171.0,171.0,446.0
Los Feliz,2020-05-31,28,0.0,199.0,199.0,446.0
Los Feliz,2020-06-30,30,0.0,229.0,229.0,446.0
Los Feliz,2020-07-31,45,-6.0,215.0,274.0,240.0
Los Feliz,2020-08-31,30,0.0,196.0,304.0,90.0
Los Feliz,2020-09-30,42,-5.0,196.0,346.0,-11.0
Los Feliz,2020-10-31,69,96.0,244.0,415.0,85.0
Los Feliz,2020-11-30,42,6.0,258.0,457.0,91.0
Los Feliz,2020-12-31,45,7.0,273.0,502.0,98.0
Los Feliz,2021-01-31,39,-2.0,267.0,482.0,102.0
Los Feliz,2021-02-28,32,0.0,269.0,465.0,102.0
Los Feliz,2021-03-31,55,3.0,282.0,478.0,110.0
Los Feliz,2021-04-30,40,0.0,253.0,497.0,14.0
Los Feliz,2021-05-31,51,-3.0,262.0,520.0,5.0
Los Feliz,2021-06-30,47,-12.0,264.0,537.0,-14.0
Los Feliz,2021-07-31,60,-1.0,285.0,552.0,-13.0
Los Feliz,2021-08-31,59,2.0,312.0,581.0,-11.0
Los Feliz,2021-09-30,66,9.0,323.0,605.0,-5.0
Los Feliz,2021-10-31,63,87.0,346.0,599.0,82.0
Los Feliz,2021-11-30,41,-1.0,336.0,598.0,84.0
Los Feliz,2021-12-31,35,1.0,324.0,588.0,97.0
Los Feliz,2022-01-31,32,1.0,296.0,581.0,99.0
Los Feliz,2022-02-28,59,-2.0,296.0,608.0,95.0
Los Feliz,2022-03-31,54,-3.0,284.0,607.0,83.0
Los Feliz,2022-04-30,50,0.0,271.0,617.0,-4.0
Los Feliz,2022-05-31,49,-1.0,279.0,615.0,-4.0
Los Feliz,2022-06-30,62,10.0,306.0,630.0,5.0
Los Feliz,2022-07-31,42,2.0,316.0,612.0,6.0
Los Feliz,2022-08-31,72,68.0,329.0,625.0,76.0
Los Feliz,2022-09-30,51,2.0,326.0,610.0,81.0
Los Feliz,2022-10-31,48,6.0,324.0,595.0,87.0
Los Feliz,2022-11-30,38,21.0,313.0,592.0,109.0
Los Feliz,2022-12-31,55,-7.0,306.0,612.0,92.0
Los Feliz,2023-01-31,38,0.0,302.0,618.0,90.0
Los Feliz,2023-02-28,59,214.0,289.0,618.0,236.0
Los Feliz,2023-03-31,57,1.0,295.0,621.0,235.0
Los Feliz,2023-04-30,39,-1.0,286.0,610.0,228.0
Los Feliz,2023-05-31,65,65.0,313.0,626.0,272.0
Los Feliz,2023-06-30,53,1.0,311.0,617.0,280.0
Los Feliz,2023-07-31,39,0.0,312.0,614.0,280.0
Los Feliz,2023-08-31,67,735.0,320.0,609.0,801.0
Los Feliz,2023-09-30,56,0.0,319.0,614.0,800.0
Los Feliz,2023-10-31,60,1.0,340.0,626.0,802.0
Los Feliz,2023-11-30,51,-2.0,326.0,639.0,735.0
Los Feliz,2023-12-31,39,0.0,312.0,623.0,734.0
Los Feliz,2024-01-31,50,97.0,323.0,635.0,831.0
Los Feliz,2024-02-29,54,0.0,310.0,630.0,96.0
Los Feliz,2024-03-31,55,3.0,309.0,628.0,99.0
Los Feliz,2024-04-30,51,-2.0,300.0,640.0,96.0
Los Feliz,2024-05-31,47,6.0,296.0,622.0,104.0
Los Feliz,2024-06-30,46,-13.0,303.0,615.0,91.0
Los Feliz,2024-07-31,45,2.0,298.0,621.0,-4.0
Los Feliz,2024-08-31,61,0.0,305.0,615.0,-4.0
Los Feliz,2024-09-30,44,0.0,294.0,603.0,-7.0
Los Feliz,2024-10-31,64,-1.0,307.0,607.0,-6.0
Los Feliz,2024-11-30,40,0.0,300.0,596.0,-12.0
Los Feliz,2024-12-31,35,3.0,289.0,592.0,4.0
Los Feliz,2025-01-31,41,0.0,285.0,583.0,2.0
Los Feliz,2025-02-28,45,1.0,269.0,574.0,3.0
Los Feliz,2025-03-31,63,-1.0,288.0,582.0,2.0
Los Feliz,2025-04-30,47,1.0,271.0,578.0,4.0
Los Feliz,2025-05-31,44,0.0,275.0,575.0,4.0
Los Feliz,2025-06-30,41,73.0,281.0,570.0,74.0
Los Feliz,2025-07-31,48,-2.0,288.0,573.0,72.0
Los Feliz,2025-08-31,37,1.0,280.0,549.0,72.0
Los Feliz,2025-09-30,37,1.0,254.0,542.0,74.0
Los Feliz,2025-10-31,66,5.0,273.0,544.0,78.0
Los Feliz,2025-11-30,44,0.0,273.0,548.0,78.0
Los Feliz,2025-12-31,46,1.0,278.0,559.0,6.0
Mar Vista,2020-01-31,82,5.0,82.0,82.0,5.0
Mar Vista,2020-02-29,94,9.0,176.0,176.0,14.0
Mar Vista,2020-03-31,60,0.0,236.0,236.0,14.0
Mar Vista,2020-04-30,34,78.0,270.0,270.0,92.0
Mar Vista,2020-05-31,47,-7.0,317.0,317.0,85.0
Mar Vista,2020-06-30,55,11.0,372.0,372.0,96.0
Mar Vista,2020-07-31,52,18.0,342.0,424.0,109.0
Mar Vista,2020-08-31,57,0.0,305.0,481.0,100.0
Mar Vista,2020-09-30,70,-3.0,315.0,551.0,97.0
Mar Vista,2020-10-31,63,1.0,344.0,614.0,20.0
Mar Vista,2020-11-30,60,3.0,357.0,674.0,30.0
Mar Vista,2020-12-31,56,-3.0,358.0,730.0,16.0
Mar Vista,2021-01-31,66,1.0,372.0,714.0,-1.0
Mar Vista,2021-02-28,73,7.0,388.0,693.0,6.0
Mar Vista,2021-03-31,57,-18.0,375.0,690.0,-9.0
Mar Vista,2021-04-30,72,-16.0,384.0,728.0,-26.0
Mar Vista,2021-05-31,59,-2.0,383.0,740.0,-31.0
Mar Vista,2021-06-30,67,2.0,394.0,752.0,-26.0
Mar Vista,2021-07-31,64,22.0,392.0,764.0,-5.0
Mar Vista,2021-08-31,63,59.0,382.0,770.0,47.0
Mar Vista,2021-09-30,74,-1.0,399.0,774.0,64.0
Mar Vista,2021-10-31,60,-1.0,387.0,771.0,79.0
Mar Vista,2021-11-30,61,20.0,389.0,772.0,101.0
Mar Vista,2021-12-31,51,6.0,373.0,767.0,105.0
Mar Vista,2022-01-31,70,3.0,379.0,771.0,86.0
Mar Vista,2022-02-28,71,-3.0,387.0,769.0,24.0
Mar Vista,2022-03-31,116,47.0,429.0,828.0,72.0
Mar Vista,2022-04-30,67,-18.0,436.0,823.0,55.0
Mar Vista,2022-05-31,113,-5.0,488.0,877.0,30.0
Mar Vista,2022-06-30,101,3.0,538.0,911.0,27.0
Mar Vista,2022-07-31,78,1.0,546.0,925.0,25.0
Mar Vista,2022-08-31,87,33.0,562.0,949.0,61.0
Mar Vista,2022-09-30,83,37.0,529.0,958.0,51.0
Mar Vista,2022-10-31,86,0.0,548.0,984.0,69.0
Mar Vista,2022-11-30,76,0.0,511.0,999.0,74.0
Mar Vista,2022-12-31,44,2.0,454.0,992.0,73.0
Mar Vista,2023-01-31,65,-2.0,441.0,987.0,70.0
Mar Vista,2023-02-28,64,2.0,418.0,980.0,39.0
Mar Vista,2023-03-31,71,0.0,406.0,935.0,2.0
Mar Vista,2023-04-30,70,15.0,390.0,938.0,17.0
Mar Vista,2023-05-31,84,-1.0,398.0,909.0,16.0
Mar Vista,2023-06-30,77,-3.0,431.0,885.0,11.0
Mar Vista,2023-07-31,101,5.0,467.0,908.0,18.0
Mar Vista,2023-08-31,97,-3.0,500.0,918.0,13.0
Mar Vista,2023-09-30,75,2.0,504.0,910.0,15.0
Mar Vista,2023-10-31,99,2.0,533.0,923.0,2.0
Mar Vista,2023-11-30,93,3.0,542.0,940.0,6.0
Mar Vista,2023-12-31,60,-1.0,525.0,956.0,8.0
Mar Vista,2024-01-31,75,0.0,499.0,966.0,3.0
Mar Vista,2024-02-29,73,1.0,475.0,975.0,7.0
Mar Vista,2024-03-31,64,-5.0,464.0,968.0,0.0
Mar Vista,2024-04-30,60,-1.0,425.0,958.0,-3.0
Mar Vista,2024-05-31,71,-1.0,403.0,945.0,-7.0
Mar Vista,2024-06-30,85,8.0,428.0,953.0,2.0
Mar Vista,2024-07-31,80,-1.0,433.0,932.0,1.0
Mar Vista,2024-08-31,78,3.0,438.0,913.0,3.0
Mar Vista,2024-09-30,74,-1.0,448.0,912.0,7.0
Mar Vista,2024-10-31,78,2.0,466.0,891.0,10.0
Mar Vista,2024-11-30,62,-2.0,457.0,860.0,9.0
Mar Vista,2024-12-31,73,2.0,445.0,873.0,3.0
Mar Vista,2025-01-31,79,0.0,444.0,877.0,4.0
Mar Vista,2025-02-28,63,-2.0,429.0,867.0,-1.0
Mar Vista,2025-03-31,80,9.0,435.0,883.0,9.0
Mar Vista,2025-04-30,92,1.0,449.0,915.0,8.0
Mar Vista,2025-05-31,66,1.0,453.0,910.0,11.0
Mar Vista,2025-06-30,87,-2.0,467.0,912.0,7.0
Mar Vista,2025-07-31,88,0.0,476.0,920.0,7.0
Mar Vista,2025-08-31,96,78.0,509.0,938.0,87.0
Mar Vista,2025-09-30,88,2.0,517.0,952.0,80.0
Mar Vista,2025-10-31,107,2.0,532.0,981.0,81.0
Mar Vista,2025-11-30,73,3.0,539.0,992.0,83.0
Mar Vista,2025-12-31,68,135.0,520.0,987.0,220.0
Mid-Wilshire,2020-01-31,42,0.0,42.0,42.0,0.0
Mid-Wilshire,2020-02-29,38,-5.0,80.0,80.0,-5.0
Mid-Wilshire,2020-03-31,21,4.0,101.0,101.0,-1.0
Mid-Wilshire,2020-04-30,6,-1.0,107.0,107.0,-2.0
Mid-Wilshire,2020-05-31,14,1.0,121.0,121.0,-1.0
Mid-Wilshire,2020-06-30,22,52.0,143.0,143.0,51.0
Mid-Wilshire,2020-07-31,14,1.0,115.0,157.0,52.0
Mid-Wilshire,2020-08-31,18,0.0,95.0,175.0,57.0
Mid-Wilshire,2020-09-30,26,0.0,100.0,201.0,53.0
Mid-Wilshire,2020-10-31,22,-1.0,116.0,223.0,53.0
Mid-Wilshire,2020-11-30,23,0.0,125.0,246.0,52.0
Mid-Wilshire,2020-12-31,25,1.0,128.0,271.0,1.0
Mid-Wilshire,2021-01-31,13,0.0,127.0,242.0,0.0
Mid-Wilshire,2021-02-28,15,57.0,124.0,219.0,57.0
Mid-Wilshire,2021-03-31,30,0.0,128.0,228.0,57.0
Mid-Wilshire,2021-04-30,36,4.0,142.0,258.0,62.0
Mid-Wilshire,2021-05-31,23,48.0,142.0,267.0,110.0
Mid-Wilshire,2021-06-30,21,-2.0,138.0,266.0,107.0
Mid-Wilshire,2021-07-31,30,-1.0,155.0,282.0,106.0
Mid-Wilshire,2021-08-31,21,0.0,161.0,285.0,49.0
Mid-Wilshire,2021-09-30,19,-2.0,150.0,278.0,47.0
Mid-Wilshire,2021-10-31,31,1.0,145.0,287.0,44.0
Mid-Wilshire,2021-11-30,21,0.0,143.0,285.0,-4.0
Mid-Wilshire,2021-12-31,24,-1.0,146.0,284.0,-3.0
Mid-Wilshire,2022-01-31,18,1.0,134.0,289.0,-1.0
Mid-Wilshire,2022-02-28,39,0.0,152.0,313.0,-1.0
Mid-Wilshire,2022-03-31,43,1.0,176.0,326.0,2.0
Mid-Wilshire,2022-04-30,23,-1.0,168.0,313.0,0.0
Mid-Wilshire,2022-05-31,29,-3.0,176.0,319.0,-3.0
Mid-Wilshire,2022-06-30,26,1.0,178.0,324.0,-1.0
Mid-Wilshire,2022-07-31,36,0.0,196.0,330.0,-2.0
Mid-Wilshire,2022-08-31,52,1.0,209.0,361.0,-1.0
Mid-Wilshire,2022-09-30,38,1.0,204.0,380.0,-1.0
Mid-Wilshire,2022-10-31,34,-1.0,215.0,383.0,-1.0
Mid-Wilshire,2022-11-30,30,-1.0,216.0,392.0,1.0
Mid-Wilshire,2022-12-31,35,0.0,225.0,403.0,0.0
Mid-Wilshire,2023-01-31,29,2.0,218.0,414.0,2.0
Mid-Wilshire,2023-02-28,24,0.0,190.0,399.0,1.0
Mid-Wilshire,2023-03-31,44,0.0,196.0,400.0,0.0
Mid-Wilshire,2023-04-30,36,-3.0,198.0,413.0,-2.0
Mid-Wilshire,2023-05-31,37,0.0,205.0,421.0,-1.0
Mid-Wilshire,2023-06-30,42,310.0,212.0,437.0,309.0
Mid-Wilshire,2023-07-31,31,0.0,214.0,432.0,307.0
Mid-Wilshire,2023-08-31,39,0.0,229.0,419.0,307.0
Mid-Wilshire,2023-09-30,42,6.0,227.0,423.0,313.0
Mid-Wilshire,2023-10-31,33,1.0,224.0,422.0,317.0
Mid-Wilshire,2023-11-30,42,1.0,229.0,434.0,318.0
Mid-Wilshire,2023-12-31,37,-1.0,224.0,436.0,7.0
Mid-Wilshire,2024-01-31,36,0.0,229.0,443.0,7.0
Mid-Wilshire,2024-02-29,26,1.0,216.0,445.0,8.0
Mid-Wilshire,2024-03-31,32,-1.0,206.0,433.0,1.0
Mid-Wilshire,2024-04-30,33,0.0,206.0,430.0,0.0
Mid-Wilshire,2024-05-31,50,-1.0,214.0,443.0,-2.0
Mid-Wilshire,2024-06-30,24,0.0,201.0,425.0,-1.0
Mid-Wilshire,2024-07-31,49,0.0,214.0,443.0,-1.0
Mid-Wilshire,2024-08-31,64,1.0,252.0,468.0,-1.0
Mid-Wilshire,2024-09-30,55,1.0,275.0,481.0,1.0
Mid-Wilshire,2024-10-31,54,-2.0,296.0,502.0,-1.0
Mid-Wilshire,2024-11-30,49,1.0,295.0,509.0,1.0
Mid-Wilshire,2024-12-31,34,0.0,305.0,506.0,1.0
Mid-Wilshire,2025-01-31,43,-2.0,299.0,513.0,-1.0
Mid-Wilshire,2025-02-28,44,0.0,279.0,531.0,-2.0
Mid-Wilshire,2025-03-31,41,120.0,265.0,540.0,117.0
Mid-Wilshire,2025-04-30,43,0.0,254.0,550.0,119.0
Mid-Wilshire,2025-05-31,41,1.0,246.0,541.0,119.0
Mid-Wilshire,2025-06-30,38,1.0,250.0,555.0,120.0
Mid-Wilshire,2025-07-31,39,1.0,246.0,545.0,123.0
Mid-Wilshire,2025-08-31,41,-1.0,243.0,522.0,122.0
Mid-Wilshire,2025-09-30,31,1.0,233.0,498.0,3.0
Mid-Wilshire,2025-10-31,26,0.0,216.0,470.0,3.0
Mid-Wilshire,2025-11-30,37,0.0,212.0,458.0,2.0
Mid-Wilshire,2025-12-31,29,1.0,203.0,453.0,2.0
Palms,2020-01-31,93,-10.0,93.0,93.0,-10.0
Palms,2020-02-29,92,17.0,185.0,185.0,7.0
Palms,2020-03-31,65,74.0,250.0,250.0,81.0
Palms,2020-04-30,37,0.0,287.0,287.0,81.0
Palms,2020-05-31,58,-2.0,345.0,345.0,79.0
Palms,2020-06-30,38,0.0,383.0,383.0,79.0
Palms,2020-07-31,44,-3.0,334.0,427.0,86.0
Palms,2020-08-31,70,8.0,312.0,497.0,77.0
Palms,2020-09-30,84,0.0,331.0,581.0,3.0
Palms,2020-10-31,76,0.0,370.0,657.0,3.0
Palms,2020-11-30,55,-1.0,367.0,712.0,4.0
Palms,2020-12-31,54,2.0,383.0,766.0,6.0
Palms,2021-01-31,48,185.0,387.0,721.0,194.0
Palms,2021-02-28,40,7.0,357.0,669.0,193.0
Palms,2021-03-31,51,-1.0,324.0,655.0,192.0
Palms,2021-04-30,63,-12.0,311.0,681.0,180.0
Palms,2021-05-31,49,-13.0,305.0,672.0,168.0
Palms,2021-06-30,49,68.0,300.0,683.0,234.0
Palms,2021-07-31,56,0.0,308.0,695.0,49.0
Palms,2021-08-31,61,6.0,329.0,686.0,48.0
Palms,2021-09-30,51,-1.0,329.0,653.0,48.0
Palms,2021-10-31,54,-1.0,320.0,631.0,59.0
Palms,2021-11-30,33,0.0,304.0,609.0,72.0
Palms,2021-12-31,45,83.0,300.0,600.0,87.0
Palms,2022-01-31,62,122.0,306.0,614.0,209.0
Palms,2022-02-28,51,-2.0,296.0,625.0,201.0
Palms,2022-03-31,80,-10.0,325.0,654.0,192.0
Palms,2022-04-30,50,2.0,321.0,641.0,195.0
Palms,2022-05-31,76,67.0,364.0,668.0,262.0
Palms,2022-06-30,66,-3.0,385.0,685.0,176.0
Palms,2022-07-31,55,0.0,378.0,684.0,54.0
Palms,2022-08-31,71,5.0,398.0,694.0,61.0
Palms,2022-09-30,48,6.0,366.0,691.0,77.0
Palms,2022-10-31,54,93.0,370.0,691.0,168.0
Palms,2022-11-30,45,4.0,339.0,703.0,105.0
Palms,2022-12-31,54,34.0,327.0,712.0,142.0
Palms,2023-01-31,42,0.0,314.0,692.0,142.0
Palms,2023-02-28,51,4.0,294.0,692.0,141.0
Palms,2023-03-31,56,3.0,302.0,668.0,138.0
Palms,2023-04-30,63,3.0,311.0,681.0,48.0
Palms,2023-05-31,56,0.0,322.0,661.0,44.0
Palms,2023-06-30,49,3.0,317.0,644.0,13.0
Palms,2023-07-31,48,-4.0,323.0,637.0,9.0
Palms,2023-08-31,66,31.0,338.0,632.0,36.0
Palms,2023-09-30,70,9.0,352.0,654.0,42.0
Palms,2023-10-31,57,1.0,346.0,657.0,40.0
Palms,2023-11-30,57,3.0,347.0,669.0,43.0
Palms,2023-12-31,30,0.0,328.0,645.0,40.0
Palms,2024-01-31,37,0.0,317.0,640.0,44.0
Palms,2024-02-29,45,48.0,296.0,634.0,61.0
Palms,2024-03-31,41,0.0,267.0,619.0,52.0
Palms,2024-04-30,47,3.0,257.0,603.0,54.0
Palms,2024-05-31,49,-2.0,249.0,596.0,49.0
Palms,2024-06-30,62,7.0,281.0,609.0,56.0
Palms,2024-07-31,49,-2.0,293.0,610.0,54.0
Palms,2024-08-31,56,58.0,304.0,600.0,64.0
Palms,2024-09-30,60,5.0,323.0,590.0,69.0
Palms,2024-10-31,66,0.0,342.0,599.0,66.0
Palms,2024-11-30,43,-1.0,336.0,585.0,67.0
Palms,2024-12-31,47,1.0,321.0,602.0,61.0
Palms,2025-01-31,47,5.0,319.0,612.0,68.0
Palms,2025-02-28,45,-6.0,308.0,612.0,4.0
Palms,2025-03-31,45,1.0,293.0,616.0,0.0
Palms,2025-04-30,52,0.0,279.0,621.0,0.0
Palms,2025-05-31,52,37.0,288.0,624.0,38.0
Palms,2025-06-30,47,3.0,288.0,609.0,40.0
Palms,2025-07-31,59,6.0,300.0,619.0,41.0
Palms,2025-08-31,48,0.0,303.0,611.0,47.0
Palms,2025-09-30,59,1.0,317.0,610.0,47.0
Palms,2025-10-31,51,78.0,316.0,595.0,125.0
Palms,2025-11-30,43,117.0,307.0,595.0,205.0
Palms,2025-12-31,58,120.0,318.0,606.0,322.0
Santa Monica,2020-02-29,2,0.0,2.0,2.0,0.0
Silver Lake,2020-01-31,180,157.0,180.0,180.0,157.0
Silver Lake,2020-02-29,182,7.0,362.0,362.0,164.0
Silver Lake,2020-03-31,87,35.0,449.0,449.0,199.0
Silver Lake,2020-04-30,61,4.0,510.0,510.0,203.0
Silver Lake,2020-05-31,69,3.0,579.0,579.0,206.0
Silver Lake,2020-06-30,96,111.0,675.0,675.0,317.0
Silver Lake,2020-07-31,106,118.0,601.0,781.0,278.0
Silver Lake,2020-08-31,139,12.0,558.0,920.0,283.0
Silver Lake,2020-09-30,108,5.0,579.0,1028.0,253.0
Silver Lake,2020-10-31,108,61.0,626.0,1136.0,310.0
Silver Lake,2020-11-30,99,29.0,656.0,1235.0,336.0
Silver Lake,2020-12-31,111,18.0,671.0,1346.0,243.0
Silver Lake,2021-01-31,119,7.0,684.0,1285.0,132.0
Silver Lake,2021-02-28,97,31.0,642.0,1200.0,151.0
Silver Lake,2021-03-31,108,35.0,642.0,1221.0,181.0
Silver Lake,2021-04-30,138,58.0,672.0,1298.0,178.0
Silver Lake,2021-05-31,101,83.0,674.0,1330.0,232.0
Silver Lake,2021-06-30,131,45.0,694.0,1365.0,259.0
Silver Lake,2021-07-31,150,31.0,725.0,1409.0,283.0
Silver Lake,2021-08-31,115,52.0,743.0,1385.0,304.0
Silver Lake,2021-09-30,146,21.0,781.0,1423.0,290.0
Silver Lake,2021-10-31,165,4.0,808.0,1480.0,236.0
Silver Lake,2021-11-30,108,7.0,815.0,1489.0,160.0
Silver Lake,2021-12-31,141,72.0,825.0,1519.0,187.0
Silver Lake,2022-01-31,159,11.0,834.0,1559.0,167.0
Silver Lake,2022-02-28,145,-29.0,864.0,1607.0,86.0
Silver Lake,2022-03-31,204,136.0,922.0,1703.0,201.0
Silver Lake,2022-04-30,143,46.0,900.0,1708.0,243.0
Silver Lake,2022-05-31,169,-1.0,961.0,1776.0,235.0
Silver Lake,2022-06-30,153,67.0,973.0,1798.0,230.0
Silver Lake,2022-07-31,139,21.0,953.0,1787.0,240.0
Silver Lake,2022-08-31,179,13.0,987.0,1851.0,282.0
Silver Lake,2022-09-30,140,25.0,923.0,1845.0,171.0
Silver Lake,2022-10-31,137,119.0,917.0,1817.0,244.0
Silver Lake,2022-11-30,146,176.0,894.0,1855.0,421.0
Silver Lake,2022-12-31,128,130.0,869.0,1842.0,484.0
Silver Lake,2023-01-31,119,83.0,849.0,1802.0,546.0
Silver Lake,2023-02-28,150,-6.0,820.0,1807.0,527.0
Silver Lake,2023-03-31,144,-7.0,824.0,1747.0,495.0
Silver Lake,2023-04-30,142,5.0,829.0,1746.0,381.0
Silver Lake,2023-05-31,166,91.0,849.0,1743.0,296.0
Silver Lake,2023-06-30,151,8.0,872.0,1741.0,174.0
Silver Lake,2023-07-31,137,20.0,890.0,1739.0,111.0
Silver Lake,2023-08-31,132,-3.0,872.0,1692.0,114.0
Silver Lake,2023-09-30,160,0.0,888.0,1712.0,121.0
Silver Lake,2023-10-31,142,12.0,888.0,1717.0,128.0
Silver Lake,2023-11-30,141,74.0,863.0,1712.0,111.0
Silver Lake,2023-12-31,118,-3.0,830.0,1702.0,100.0
Silver Lake,2024-01-31,137,5.0,830.0,1720.0,85.0
Silver Lake,2024-02-29,129,49.0,827.0,1699.0,137.0
Silver Lake,2024-03-31,126,40.0,793.0,1681.0,177.0
Silver Lake,2024-04-30,139,-1.0,790.0,1678.0,164.0
Silver Lake,2024-05-31,134,0.0,783.0,1646.0,90.0
Silver Lake,2024-06-30,141,-13.0,806.0,1636.0,80.0
Silver Lake,2024-07-31,232,14.0,901.0,1731.0,89.0
Silver Lake,2024-08-31,168,33.0,940.0,1767.0,73.0
Silver Lake,2024-09-30,151,-1.0,965.0,1758.0,32.0
Silver Lake,2024-10-31,158,-1.0,984.0,1774.0,32.0
Silver Lake,2024-11-30,129,14.0,979.0,1762.0,46.0
Silver Lake,2024-12-31,126,-1.0,964.0,1770.0,58.0
Silver Lake,2025-01-31,118,6.0,850.0,1751.0,50.0
Silver Lake,2025-02-28,128,15.0,810.0,1750.0,32.0
Silver Lake,2025-03-31,138,3.0,797.0,1762.0,36.0
Silver Lake,2025-04-30,144,9.0,783.0,1767.0,46.0
Silver Lake,2025-05-31,113,34.0,767.0,1746.0,66.0
Silver Lake,2025-06-30,122,-1.0,763.0,1727.0,66.0
Silver Lake,2025-07-31,145,1.0,790.0,1640.0,61.0
Silver Lake,2025-08-31,125,104.0,787.0,1597.0,150.0
Silver Lake,2025-09-30,116,1.0,765.0,1562.0,148.0
Silver Lake,2025-10-31,146,2.0,767.0,1550.0,141.0
Silver Lake,2025-11-30,108,192.0,762.0,1529.0,299.0
Silver Lake,2025-12-31,116,2.0,756.0,1519.0,302.0
University Park,2020-01-31,19,-1.0,19.0,19.0,-1.0
University Park,2020-02-29,28,4.0,47.0,47.0,3.0
University Park,2020-03-31,31,109.0,78.0,78.0,112.0
University Park,2020-04-30,16,3.0,94.0,94.0,115.0
University Park,2020-05-31,17,4.0,111.0,111.0,119.0
University Park,2020-06-30,23,-14.0,134.0,134.0,105.0
University Park,2020-07-31,28,14.0,143.0,162.0,120.0
University Park,2020-08-31,31,1.0,146.0,193.0,117.0
University Park,2020-09-30,21,127.0,136.0,214.0,135.0
University Park,2020-10-31,26,1.0,146.0,240.0,133.0
University Park,2020-11-30,24,49.0,153.0,264.0,178.0
University Park,2020-12-31,14,296.0,144.0,278.0,488.0
University Park,2021-01-31,18,0.0,134.0,277.0,474.0
University Park,2021-02-28,22,16.0,125.0,271.0,489.0
University Park,2021-03-31,18,-4.0,122.0,258.0,358.0
University Park,2021-04-30,22,5.0,118.0,264.0,362.0
University Park,2021-05-31,34,1.0,128.0,281.0,314.0
University Park,2021-06-30,37,1.0,151.0,295.0,19.0
University Park,2021-07-31,26,-1.0,159.0,293.0,18.0
University Park,2021-08-31,26,1.0,163.0,288.0,3.0
University Park,2021-09-30,19,7.0,164.0,286.0,14.0
University Park,2021-10-31,33,19.0,175.0,293.0,28.0
University Park,2021-11-30,23,-7.0,164.0,292.0,20.0
University Park,2021-12-31,26,6.0,153.0,304.0,25.0
University Park,2022-01-31,25,171.0,152.0,311.0,197.0
University Park,2022-02-28,28,-2.0,154.0,317.0,194.0
University Park,2022-03-31,31,8.0,166.0,330.0,195.0
University Park,2022-04-30,31,-4.0,164.0,339.0,172.0
University Park,2022-05-31,28,34.0,169.0,333.0,213.0
University Park,2022-06-30,25,-6.0,168.0,321.0,201.0
University Park,2022-07-31,34,-1.0,177.0,329.0,29.0
University Park,2022-08-31,31,11.0,180.0,334.0,42.0
University Park,2022-09-30,31,6.0,180.0,346.0,40.0
University Park,2022-10-31,21,48.0,170.0,334.0,92.0
University Park,2022-11-30,29,59.0,171.0,340.0,117.0
University Park,2022-12-31,25,1.0,171.0,339.0,124.0
University Park,2023-01-31,24,3.0,161.0,338.0,128.0
University Park,2023-02-28,21,1.0,151.0,331.0,118.0
University Park,2023-03-31,24,-1.0,144.0,324.0,111.0
University Park,2023-04-30,28,-2.0,151.0,321.0,61.0
University Park,2023-05-31,23,-3.0,145.0,316.0,-1.0
University Park,2023-06-30,32,-4.0,152.0,323.0,-6.0
University Park,2023-07-31,40,8.0,168.0,329.0,-1.0
University Park,2023-08-31,42,21.0,189.0,340.0,19.0
University Park,2023-09-30,29,56.0,194.0,338.0,76.0
University Park,2023-10-31,31,4.0,197.0,348.0,82.0
University Park,2023-11-30,22,0.0,196.0,341.0,85.0
University Park,2023-12-31,24,-1.0,188.0,340.0,88.0
University Park,2024-01-31,17,-2.0,165.0,333.0,78.0
University Park,2024-02-29,32,-2.0,155.0,344.0,55.0
University Park,2024-03-31,29,14.0,155.0,349.0,13.0
University Park,2024-04-30,31,18.0,155.0,352.0,27.0
University Park,2024-05-31,37,2.0,170.0,366.0,29.0
University Park,2024-06-30,43,2.0,189.0,377.0,32.0
University Park,2024-07-31,39,-2.0,211.0,376.0,32.0
University Park,2024-08-31,21,-1.0,200.0,355.0,33.0
University Park,2024-09-30,34,11.0,205.0,360.0,30.0
University Park,2024-10-31,24,26.0,198.0,353.0,38.0
University Park,2024-11-30,19,-3.0,180.0,350.0,33.0
University Park,2024-12-31,26,7.0,163.0,352.0,38.0
University Park,2025-01-31,16,3.0,140.0,351.0,43.0
University Park,2025-02-28,16,-3.0,135.0,335.0,41.0
University Park,2025-03-31,17,0.0,118.0,323.0,30.0
University Park,2025-04-30,16,65.0,110.0,308.0,69.0
University Park,2025-05-31,26,1.0,117.0,297.0,73.0
University Park,2025-06-30,23,18.0,114.0,277.0,84.0
University Park,2025-07-31,21,0.0,119.0,259.0,81.0
University Park,2025-08-31,21,0.0,124.0,259.0,84.0
University Park,2025-09-30,6,0.0,113.0,231.0,84.0
University Park,2025-10-31,15,0.0,112.0,222.0,19.0
University Park,2025-11-30,12,0.0,98.0,215.0,18.0
University Park,2025-12-31,14,0.0,89.0,203.0,0.0
Vermont Square,2020-01-31,40,40.0,40.0,40.0,40.0
Vermont Square,2020-02-29,39,5.0,79.0,79.0,45.0
Vermont Square,2020-03-31,36,-1.0,115.0,115.0,44.0
Vermont Square,2020-04-30,23,5.0,138.0,138.0,49.0
Vermont Square,2020-05-31,22,7.0,160.0,160.0,56.0
Vermont Square,2020-06-30,26,3.0,186.0,186.0,59.0
Vermont Square,2020-07-31,22,-1.0,168.0,208.0,18.0
Vermont Square,2020-08-31,29,6.0,158.0,237.0,19.0
Vermont Square,2020-09-30,30,8.0,152.0,267.0,28.0
Vermont Square,2020-10-31,31,-2.0,160.0,298.0,21.0
Vermont Square,2020-11-30,39,3.0,177.0,337.0,17.0
Vermont Square,2020-12-31,35,9.0,186.0,372.0,23.0
Vermont Square,2021-01-31,26,1.0,190.0,358.0,25.0
Vermont Square,2021-02-28,26,-2.0,187.0,345.0,17.0
Vermont Square,2021-03-31,28,-1.0,185.0,337.0,8.0
Vermont Square,2021-04-30,26,1.0,180.0,340.0,11.0
Vermont Square,2021-05-31,22,95.0,163.0,340.0,103.0
Vermont Square,2021-06-30,36,3.0,164.0,350.0,97.0
Vermont Square,2021-07-31,31,4.0,169.0,359.0,100.0
Vermont Square,2021-08-31,38,11.0,181.0,368.0,113.0
Vermont Square,2021-09-30,34,1.0,187.0,372.0,115.0
Vermont Square,2021-10-31,26,-1.0,187.0,367.0,113.0
Vermont Square,2021-11-30,27,2.0,192.0,355.0,20.0
Vermont Square,2021-12-31,27,2.0,183.0,347.0,19.0
Vermont Square,2022-01-31,43,4.0,195.0,364.0,19.0
Vermont Square,2022-02-28,39,12.0,196.0,377.0,20.0
Vermont Square,2022-03-31,56,4.0,218.0,405.0,23.0
Vermont Square,2022-04-30,40,0.0,232.0,419.0,24.0
Vermont Square,2022-05-31,69,7.0,274.0,466.0,29.0
Vermont Square,2022-06-30,56,3.0,303.0,486.0,30.0
Vermont Square,2022-07-31,64,14.0,324.0,519.0,40.0
Vermont Square,2022-08-31,61,0.0,346.0,542.0,28.0
Vermont Square,2022-09-30,43,-2.0,333.0,551.0,22.0
Vermont Square,2022-10-31,54,1.0,347.0,579.0,23.0
Vermont Square,2022-11-30,42,-1.0,320.0,594.0,15.0
Vermont Square,2022-12-31,52,9.0,316.0,619.0,21.0
Vermont Square,2023-01-31,52,9.0,304.0,628.0,16.0
Vermont Square,2023-02-28,37,2.0,280.0,626.0,18.0
Vermont Square,2023-03-31,49,13.0,286.0,619.0,33.0
Vermont Square,2023-04-30,43,21.0,275.0,622.0,53.0
Vermont Square,2023-05-31,55,-5.0,288.0,608.0,49.0
Vermont Square,2023-06-30,46,98.0,282.0,598.0,138.0
Vermont Square,2023-07-31,28,0.0,258.0,562.0,129.0
Vermont Square,2023-08-31,60,46.0,281.0,561.0,173.0
Vermont Square,2023-09-30,54,78.0,286.0,572.0,238.0
Vermont Square,2023-10-31,40,1.0,283.0,558.0,218.0
Vermont Square,2023-11-30,42,-1.0,270.0,558.0,222.0
Vermont Square,2023-12-31,33,23.0,257.0,539.0,147.0
Vermont Square,2024-01-31,38,0.0,267.0,525.0,147.0
Vermont Square,2024-02-29,43,48.0,250.0,531.0,149.0
Vermont Square,2024-03-31,30,0.0,226.0,512.0,71.0
Vermont Square,2024-04-30,34,2.0,220.0,503.0,72.0
Vermont Square,2024-05-31,47,0.0,225.0,495.0,73.0
Vermont Square,2024-06-30,41,14.0,233.0,490.0,64.0
Vermont Square,2024-07-31,43,4.0,238.0,505.0,68.0
Vermont Square,2024-08-31,43,97.0,238.0,488.0,117.0
Vermont Square,2024-09-30,49,-1.0,257.0,483.0,116.0
Vermont Square,2024-10-31,49,8.0,272.0,492.0,122.0
Vermont Square,2024-11-30,38,40.0,263.0,488.0,162.0
Vermont Square,2024-12-31,32,1.0,254.0,487.0,149.0
Vermont Square,2025-01-31,39,-2.0,250.0,488.0,143.0
Vermont Square,2025-02-28,27,4.0,234.0,472.0,50.0
Vermont Square,2025-03-31,32,21.0,217.0,474.0,72.0
Vermont Square,2025-04-30,36,25.0,204.0,476.0,89.0
Vermont Square,2025-05-31,40,6.0,206.0,469.0,55.0
Vermont Square,2025-06-30,38,6.0,212.0,466.0,60.0
Vermont Square,2025-07-31,41,5.0,214.0,464.0,67.0
Vermont Square,2025-08-31,36,5.0,223.0,457.0,68.0
Vermont Square,2025-09-30,25,0.0,216.0,433.0,47.0
Vermont Square,2025-10-31,53,8.0,233.0,437.0,30.0
Vermont Square,2025-11-30,31,1.0,224.0,430.0,25.0
Vermont Square,2025-12-31,44,4.0,230.0,442.0,23.0
West Adams,2020-01-31,118,10.0,118.0,118.0,10.0
West Adams,2020-02-29,126,-1.0,244.0,244.0,9.0
West Adams,2020-03-31,81,5.0,325.0,325.0,14.0
West Adams,2020-04-30,58,13.0,383.0,383.0,27.0
West Adams,2020-05-31,83,4.0,466.0,466.0,31.0
West Adams,2020-06-30,82,4.0,548.0,548.0,35.0
West Adams,2020-07-31,104,13.0,534.0,652.0,38.0
West Adams,2020-08-31,84,3.0,492.0,736.0,42.0
West Adams,2020-09-30,92,113.0,503.0,828.0,150.0
West Adams,2020-10-31,107,24.0,552.0,935.0,161.0
West Adams,2020-11-30,93,8.0,562.0,1028.0,165.0
West Adams,2020-12-31,80,92.0,560.0,1108.0,253.0
West Adams,2021-01-31,87,36.0,543.0,1077.0,276.0
West Adams,2021-02-28,96,46.0,555.0,1047.0,319.0
West Adams,2021-03-31,106,1.0,569.0,1072.0,207.0
West Adams,2021-04-30,104,2.0,566.0,1118.0,185.0
West Adams,2021-05-31,101,4.0,574.0,1136.0,181.0
West Adams,2021-06-30,102,75.0,596.0,1156.0,164.0
West Adams,2021-07-31,81,7.0,590.0,1133.0,135.0
West Adams,2021-08-31,107,-8.0,601.0,1156.0,81.0
West Adams,2021-09-30,111,18.0,606.0,1175.0,98.0
West Adams,2021-10-31,113,51.0,615.0,1181.0,147.0
West Adams,2021-11-30,93,21.0,607.0,1181.0,164.0
West Adams,2021-12-31,97,2.0,602.0,1198.0,91.0
West Adams,2022-01-31,80,30.0,601.0,1191.0,114.0
West Adams,2022-02-28,83,1.0,577.0,1178.0,123.0
West Adams,2022-03-31,113,7.0,579.0,1185.0,112.0
West Adams,2022-04-30,106,4.0,572.0,1187.0,65.0
West Adams,2022-05-31,118,83.0,597.0,1204.0,127.0
West Adams,2022-06-30,125,14.0,625.0,1227.0,139.0
West Adams,2022-07-31,131,11.0,676.0,1277.0,120.0
West Adams,2022-08-31,151,43.0,744.0,1321.0,162.0
West Adams,2022-09-30,112,6.0,743.0,1322.0,161.0
West Adams,2022-10-31,111,1.0,748.0,1320.0,158.0
West Adams,2022-11-30,141,12.0,771.0,1368.0,87.0
West Adams,2022-12-31,128,27.0,774.0,1399.0,100.0
West Adams,2023-01-31,112,7.0,755.0,1431.0,96.0
West Adams,2023-02-28,92,73.0,696.0,1440.0,126.0
West Adams,2023-03-31,121,37.0,705.0,1448.0,157.0
West Adams,2023-04-30,94,208.0,688.0,1436.0,364.0
West Adams,2023-05-31,78,9.0,625.0,1396.0,361.0
West Adams,2023-06-30,105,3.0,602.0,1376.0,337.0
West Adams,2023-07-31,98,3.0,588.0,1343.0,333.0
West Adams,2023-08-31,115,4.0,611.0,1307.0,264.0
West Adams,2023-09-30,116,38.0,606.0,1311.0,265.0
West Adams,2023-10-31,104,0.0,616.0,1304.0,57.0
West Adams,2023-11-30,88,169.0,626.0,1251.0,217.0
West Adams,2023-12-31,91,5.0,612.0,1214.0,219.0
West Adams,2024-01-31,85,6.0,599.0,1187.0,222.0
West Adams,2024-02-29,81,-1.0,565.0,1176.0,217.0
West Adams,2024-03-31,113,307.0,562.0,1168.0,486.0
West Adams,2024-04-30,97,9.0,555.0,1171.0,495.0
West Adams,2024-05-31,106,44.0,573.0,1199.0,370.0
West Adams,2024-06-30,89,13.0,571.0,1183.0,378.0
West Adams,2024-07-31,111,0.0,597.0,1196.0,372.0
West Adams,2024-08-31,117,1.0,633.0,1198.0,374.0
West Adams,2024-09-30,105,8.0,625.0,1187.0,75.0
West Adams,2024-10-31,125,5.0,653.0,1208.0,71.0
West Adams,2024-11-30,98,6.0,645.0,1218.0,33.0
West Adams,2024-12-31,94,17.0,650.0,1221.0,37.0
West Adams,2025-01-31,100,14.0,639.0,1236.0,51.0
West Adams,2025-02-28,84,24.0,606.0,1239.0,74.0
West Adams,2025-03-31,99,-3.0,600.0,1225.0,63.0
West Adams,2025-04-30,100,4.0,575.0,1228.0,62.0
West Adams,2025-05-31,101,17.0,578.0,1223.0,73.0
West Adams,2025-06-30,81,4.0,565.0,1215.0,60.0
West Adams,2025-07-31,100,-4.0,565.0,1204.0,42.0
West Adams,2025-08-31,106,59.0,587.0,1193.0,77.0
West Adams,2025-09-30,93,54.0,581.0,1181.0,134.0
West Adams,2025-10-31,82,171.0,563.0,1138.0,301.0
West Adams,2025-11-30,95,128.0,557.0,1135.0,412.0
West Adams,2025-12-31,95,3.0,571.0,1136.0,411.0
West Hollywood,2020-01-31,76,2.0,76.0,76.0,2.0
West Hollywood,2020-02-29,80,-4.0,156.0,156.0,-2.0
West Hollywood,2020-03-31,73,3.0,229.0,229.0,1.0
West Hollywood,2020-04-30,54,-3.0,283.0,283.0,-2.0
West Hollywood,2020-05-31,53,-1.0,336.0,336.0,-3.0
West Hollywood,2020-06-30,68,-3.0,404.0,404.0,-6.0
West Hollywood,2020-07-31,55,0.0,383.0,459.0,-8.0
West Hollywood,2020-08-31,58,5.0,361.0,517.0,1.0
West Hollywood,2020-09-30,63,0.0,351.0,580.0,-2.0
West Hollywood,2020-10-31,65,0.0,362.0,645.0,1.0
West Hollywood,2020-11-30,70,4.0,379.0,715.0,6.0
West Hollywood,2020-12-31,48,-2.0,359.0,763.0,7.0
West Hollywood,2021-01-31,55,1.0,359.0,742.0,8.0
West Hollywood,2021-02-28,52,13.0,353.0,714.0,16.0
West Hollywood,2021-03-31,62,-3.0,352.0,703.0,13.0
West Hollywood,2021-04-30,79,198.0,366.0,728.0,211.0
West Hollywood,2021-05-31,52,2.0,348.0,727.0,209.0
West Hollywood,2021-06-30,64,41.0,364.0,723.0,252.0
West Hollywood,2021-07-31,69,-3.0,378.0,737.0,248.0
West Hollywood,2021-08-31,45,1.0,371.0,724.0,236.0
West Hollywood,2021-09-30,76,-5.0,385.0,737.0,234.0
West Hollywood,2021-10-31,53,2.0,359.0,725.0,38.0
West Hollywood,2021-11-30,71,-6.0,378.0,726.0,30.0
West Hollywood,2021-12-31,70,10.0,384.0,748.0,-1.0
West Hollywood,2022-01-31,51,0.0,366.0,744.0,2.0
West Hollywood,2022-02-28,64,-1.0,385.0,756.0,0.0
West Hollywood,2022-03-31,75,2.0,384.0,769.0,7.0
West Hollywood,2022-04-30,76,66.0,407.0,766.0,71.0
West Hollywood,2022-05-31,67,3.0,403.0,781.0,80.0
West Hollywood,2022-06-30,79,21.0,412.0,796.0,91.0
West Hollywood,2022-07-31,53,-4.0,414.0,780.0,87.0
West Hollywood,2022-08-31,89,1.0,439.0,824.0,89.0
West Hollywood,2022-09-30,69,-1.0,433.0,817.0,86.0
West Hollywood,2022-10-31,68,-1.0,425.0,832.0,19.0
West Hollywood,2022-11-30,47,2.0,405.0,808.0,18.0
West Hollywood,2022-12-31,54,1.0,380.0,792.0,-2.0
West Hollywood,2023-01-31,62,1.0,389.0,803.0,3.0
West Hollywood,2023-02-28,57,1.0,357.0,796.0,3.0
West Hollywood,2023-03-31,91,-18.0,379.0,812.0,-14.0
West Hollywood,2023-04-30,71,2.0,382.0,807.0,-11.0
West Hollywood,2023-05-31,87,4.0,422.0,827.0,-9.0
West Hollywood,2023-06-30,95,2.0,463.0,843.0,-8.0
West Hollywood,2023-07-31,65,19.0,466.0,855.0,10.0
West Hollywood,2023-08-31,78,5.0,487.0,844.0,14.0
West Hollywood,2023-09-30,75,3.0,471.0,850.0,35.0
West Hollywood,2023-10-31,98,-3.0,498.0,880.0,30.0
West Hollywood,2023-11-30,58,1.0,469.0,891.0,27.0
West Hollywood,2023-12-31,53,0.0,427.0,890.0,25.0
West Hollywood,2024-01-31,64,1.0,426.0,892.0,7.0
West Hollywood,2024-02-29,67,0.0,415.0,902.0,2.0
West Hollywood,2024-03-31,70,67.0,410.0,881.0,66.0
West Hollywood,2024-04-30,85,48.0,397.0,895.0,117.0
West Hollywood,2024-05-31,86,-3.0,425.0,894.0,113.0
West Hollywood,2024-06-30,62,0.0,434.0,861.0,113.0
West Hollywood,2024-07-31,63,1.0,433.0,859.0,113.0
West Hollywood,2024-08-31,94,1.0,460.0,875.0,114.0
West Hollywood,2024-09-30,84,-11.0,474.0,884.0,36.0
West Hollywood,2024-10-31,91,5.0,480.0,877.0,-7.0
West Hollywood,2024-11-30,68,7.0,462.0,887.0,3.0
West Hollywood,2024-12-31,59,1.0,459.0,893.0,4.0
West Hollywood,2025-01-31,57,1.0,453.0,886.0,4.0
West Hollywood,2025-02-28,72,1.0,431.0,891.0,4.0
West Hollywood,2025-03-31,67,5.0,414.0,888.0,20.0
West Hollywood,2025-04-30,77,3.0,400.0,880.0,18.0
West Hollywood,2025-05-31,71,0.0,403.0,865.0,11.0
West Hollywood,2025-06-30,63,0.0,407.0,866.0,10.0
West Hollywood,2025-07-31,78,-2.0,428.0,881.0,7.0
West Hollywood,2025-08-31,75,4.0,431.0,862.0,10.0
West Hollywood,2025-09-30,83,27.0,447.0,861.0,32.0
West Hollywood,2025-10-31,62,-2.0,432.0,832.0,27.0
West Hollywood,2025-11-30,37,0.0,398.0,801.0,27.0
West Hollywood,2025-12-31,64,1.0,399.0,806.0,28.0
Westwood,2020-01-31,30,0.0,30.0,30.0,0.0
Westwood,2020-02-29,43,0.0,73.0,73.0,0.0
Westwood,2020-03-31,20,-1.0,93.0,93.0,-1.0
Westwood,2020-04-30,14,-1.0,107.0,107.0,-2.0
Westwood,2020-05-31,21,-2.0,128.0,128.0,-4.0
Westwood,2020-06-30,26,1.0,154.0,154.0,-3.0
Westwood,2020-07-31,29,2.0,153.0,183.0,-1.0
Westwood,2020-08-31,33,0.0,143.0,216.0,-1.0
Westwood,2020-09-30,30,1.0,153.0,246.0,1.0
Westwood,2020-10-31,28,0.0,167.0,274.0,2.0
Westwood,2020-11-30,21,0.0,167.0,295.0,4.0
Westwood,2020-12-31,20,0.0,161.0,315.0,3.0
Westwood,2021-01-31,15,0.0,147.0,300.0,1.0
Westwood,2021-02-28,24,1.0,138.0,281.0,2.0
Westwood,2021-03-31,20,0.0,128.0,281.0,1.0
Westwood,2021-04-30,23,-1.0,123.0,290.0,0.0
Westwood,2021-05-31,40,2.0,142.0,309.0,2.0
Westwood,2021-06-30,25,-1.0,147.0,308.0,1.0
Westwood,2021-07-31,26,-4.0,158.0,305.0,-3.0
Westwood,2021-08-31,27,0.0,161.0,299.0,-4.0
Westwood,2021-09-30,29,-1.0,170.0,298.0,-5.0
Westwood,2021-10-31,23,1.0,170.0,293.0,-3.0
Westwood,2021-11-30,40,4.0,170.0,312.0,-1.0
Westwood,2021-12-31,17,1.0,162.0,309.0,1.0
Westwood,2022-01-31,34,0.0,170.0,328.0,5.0
Westwood,2022-02-28,36,-2.0,179.0,340.0,3.0
Westwood,2022-03-31,32,0.0,182.0,352.0,4.0
Westwood,2022-04-30,24,-1.0,183.0,353.0,2.0
Westwood,2022-05-31,26,2.0,169.0,339.0,0.0
Westwood,2022-06-30,35,0.0,187.0,349.0,-1.0
Westwood,2022-07-31,38,0.0,191.0,361.0,-1.0
Westwood,2022-08-31,32,25.0,187.0,366.0,26.0
Westwood,2022-09-30,41,3.0,196.0,378.0,29.0
Westwood,2022-10-31,33,7.0,205.0,388.0,37.0
Westwood,2022-11-30,26,0.0,205.0,374.0,35.0
Westwood,2022-12-31,29,0.0,199.0,386.0,35.0
Westwood,2023-01-31,25,1.0,186.0,377.0,36.0
Westwood,2023-02-28,32,0.0,186.0,373.0,11.0
Westwood,2023-03-31,46,-9.0,191.0,387.0,-1.0
Westwood,2023-04-30,49,-3.0,207.0,412.0,-11.0
Westwood,2023-05-31,42,43.0,223.0,428.0,32.0
Westwood,2023-06-30,45,0.0,239.0,438.0,32.0
Westwood,2023-07-31,37,18.0,251.0,437.0,49.0
Westwood,2023-08-31,53,0.0,272.0,458.0,49.0
Westwood,2023-09-30,48,0.0,274.0,465.0,58.0
Westwood,2023-10-31,38,0.0,263.0,470.0,61.0
Westwood,2023-11-30,29,0.0,250.0,473.0,18.0
Westwood,2023-12-31,18,1.0,223.0,462.0,19.0
Westwood,2024-01-31,35,-4.0,221.0,472.0,-3.0
Westwood,2024-02-29,30,-1.0,198.0,470.0,-4.0
Westwood,2024-03-31,29,-4.0,179.0,453.0,-8.0
Westwood,2024-04-30,30,0.0,171.0,434.0,-8.0
Westwood,2024-05-31,32,-1.0,174.0,424.0,-9.0
Westwood,2024-06-30,30,-6.0,186.0,409.0,-16.0
Westwood,2024-07-31,41,0.0,192.0,413.0,-12.0
Westwood,2024-08-31,43,0.0,205.0,403.0,-11.0
Westwood,2024-09-30,41,61.0,217.0,396.0,54.0
Westwood,2024-10-31,44,-1.0,231.0,402.0,53.0
Westwood,2024-11-30,28,0.0,227.0,401.0,54.0
Westwood,2024-12-31,29,3.0,226.0,412.0,63.0
Westwood,2025-01-31,37,3.0,222.0,414.0,66.0
Westwood,2025-02-28,36,-23.0,215.0,420.0,43.0
Westwood,2025-03-31,51,-1.0,225.0,442.0,-19.0
Westwood,2025-04-30,38,2.0,219.0,450.0,-16.0
Westwood,2025-05-31,20,0.0,211.0,438.0,-16.0
Westwood,2025-06-30,37,-4.0,219.0,445.0,-23.0
Westwood,2025-07-31,29,-1.0,211.0,433.0,-27.0
Westwood,2025-08-31,41,10.0,216.0,431.0,6.0
Westwood,2025-09-30,41,0.0,206.0,431.0,7.0
Westwood,2025-10-31,42,0.0,210.0,429.0,5.0
Westwood,2025-11-30,27,1.0,217.0,428.0,6.0
Westwood,2025-12-31,26,2.0,206.0,425.0,12.0
