Neighborhood,Date,Rent
Beverly Hills,2019-01-31,8010.221773508025
Beverly Hills,2019-02-28,7828.068572203254
Beverly Hills,2019-03-31,5275.703166364309
Beverly Hills,2019-04-30,5309.672057761236
Beverly Hills,2019-05-31,5405.183404491018
Beverly Hills,2019-06-30,5524.3772335469785
Beverly Hills,2019-07-31,5495.045186412349
Beverly Hills,2019-08-31,5365.272714285202
Beverly Hills,2019-09-30,5289.047364330145
Beverly Hills,2019-10-31,5365.102092948532
Beverly Hills,2019-11-30,5499.3806073277865
Beverly Hills,2019-12-31,5571.475150822382
Beverly Hills,2020-01-31,5603.96162023029
Beverly Hills,2020-02-29,5581.318853025709
Beverly Hills,2020-03-31,5584.722928550332
Beverly Hills,2020-04-30,5550.222479151271
Beverly Hills,2020-05-31,5596.0019810114845
Beverly Hills,2020-06-30,5564.215582524394
Beverly Hills,2020-07-31,5563.262724742152
Beverly Hills,2020-08-31,5539.504311878231
Beverly Hills,2020-09-30,5589.335990559448
Beverly Hills,2020-10-31,5629.151952105154
Beverly Hills,2020-11-30,5596.600086287981
Beverly Hills,2020-12-31,5573.663282290401
Beverly Hills,2021-01-31,5578.477767819288
Beverly Hills,2021-02-28,5726.878558448635
Beverly Hills,2021-03-31,5688.404403103273
Beverly Hills,2021-04-30,5650.978640136506
Beverly Hills,2021-05-31,5575.5034264267915
Beverly Hills,2021-06-30,5678.416441657819
Beverly Hills,2021-07-31,5911.598587528699
Beverly Hills,2021-08-31,5991.785247194835
Beverly Hills,2021-09-30,6125.196146838794
Beverly Hills,2021-10-31,6165.027281462795
Beverly Hills,2021-11-30,6301.5061401302655
Beverly Hills,2021-12-31,6452.506562104584
Beverly Hills,2022-01-31,6427.59296157712
Beverly Hills,2022-02-28,6487.461972748955
Beverly Hills,2022-03-31,6472.219521537098
Beverly Hills,2022-04-30,6698.274628741606
Beverly Hills,2022-05-31,6803.122365193703
Beverly Hills,2022-06-30,6913.100707879746
Beverly Hills,2022-07-31,6771.818261229069
Beverly Hills,2022-08-31,6689.612671305207
Beverly Hills,2022-09-30,6687.94877615459
Beverly Hills,2022-10-31,6835.945345677373
Beverly Hills,2022-11-30,6768.71673812275
Beverly Hills,2022-12-31,6649.243997172474
Beverly Hills,2023-01-31,6608.856166066006
Beverly Hills,2023-02-28,6832.875798941626
Beverly Hills,2023-03-31,6877.871328408235
Beverly Hills,2023-04-30,6783.20654427167
Beverly Hills,2023-05-31,6747.903675923142
Beverly Hills,2023-06-30,6783.805810051977
Beverly Hills,2023-07-31,6902.6149176435265
Beverly Hills,2023-08-31,6901.230153859917
Beverly Hills,2023-09-30,7026.903600335141
Beverly Hills,2023-10-31,7076.799485324742
Beverly Hills,2023-11-30,6987.181973922573
Beverly Hills,2023-12-31,6890.400888185774
Beverly Hills,2024-01-31,6853.813055833017
Beverly Hills,2024-02-29,6891.078401844294
Beverly Hills,2024-03-31,7033.620224720109
Beverly Hills,2024-04-30,7097.568154062814
Beverly Hills,2024-05-31,7258.3126550223
Beverly Hills,2024-06-30,7338.785359152478
Beverly Hills,2024-07-31,7451.771908960451
Beverly Hills,2024-08-31,7314.726768535875
Beverly Hills,2024-09-30,7337.097546770253
Beverly Hills,2024-10-31,7346.495634640109
Beverly Hills,2024-11-30,7461.745711156686
Beverly Hills,2024-12-31,7248.158584884635
Beverly Hills,2025-01-31,7562.076781444176
Beverly Hills,2025-02-28,8008.718881179309
Beverly Hills,2025-03-31,8431.527726027878
Beverly Hills,2025-04-30,8342.566083680718
Beverly Hills,2025-05-31,8333.638141617552
Beverly Hills,2025-06-30,8340.072302972287
Beverly Hills,2025-07-31,8432.814578996957
Beverly Hills,2025-08-31,8356.848455885818
Beverly Hills,2025-09-30,8367.152151306549
Beverly Hills,2025-10-31,8217.117565430519
Beverly Hills,2025-11-30,8205.897641189953
Beverly Hills,2025-12-31,8133.311248123243
Beverly Hills,2026-01-31,8317.973489010988
Boyle Heights,2019-01-31,1868.581619538499
Boyle Heights,2019-02-28,1868.581619538499
Boyle Heights,2019-03-31,1868.581619538499
Boyle Heights,2019-04-30,1868.581619538499
Boyle Heights,2019-05-31,1868.581619538499
Boyle Heights,2019-06-30,1868.581619538499
Boyle Heights,2019-07-31,1868.581619538499
Boyle Heights,2019-08-31,1868.581619538499
Boyle Heights,2019-09-30,1868.581619538499
Boyle Heights,2019-10-31,1868.581619538499
Boyle Heights,2019-11-30,1868.581619538499
Boyle Heights,2019-12-31,1868.581619538499
Boyle Heights,2020-01-31,1868.581619538499
Boyle Heights,2020-02-29,1868.581619538499
Boyle Heights,2020-03-31,1868.581619538499
Boyle Heights,2020-04-30,1868.581619538499
Boyle Heights,2020-05-31,1868.581619538499
Boyle Heights,2020-06-30,1868.581619538499
Boyle Heights,2020-07-31,1868.581619538499
Boyle Heights,2020-08-31,1868.581619538499
Boyle Heights,2020-09-30,1868.581619538499
Boyle Heights,2020-10-31,1868.581619538499
Boyle Heights,2020-11-30,1868.581619538499
Boyle Heights,2020-12-31,1868.581619538499
Boyle Heights,2021-01-31,1868.581619538499
Boyle Heights,2021-02-28,1878.037485878172
Boyle Heights,2021-03-31,1858.706584700463
Boyle Heights,2021-04-30,1886.42752949099
Boyle Heights,2021-05-31,1885.5844018170255
Boyle Heights,2021-06-30,1886.6172355477984
Boyle Heights,2021-07-31,1894.43285769704
Boyle Heights,2021-08-31,1921.562774384973
Boyle Heights,2021-09-30,1977.9682262805352
Boyle Heights,2021-10-31,1985.7663563952744
Boyle Heights,2021-11-30,1973.5069004853983
Boyle Heights,2021-12-31,1935.2780712448944
Boyle Heights,2022-01-31,1960.3910125643497
Boyle Heights,2022-02-28,1952.4089672528376
Boyle Heights,2022-03-31,1973.801265098329
Boyle Heights,2022-04-30,2004.743366328242
Boyle Heights,2022-05-31,2071.991036757228
Boyle Heights,2022-06-30,2102.8213423070288
Boyle Heights,2022-07-31,2132.430871896524
Boyle Heights,2022-08-31,2170.6302015873675
Boyle Heights,2022-09-30,2206.9146318485405
Boyle Heights,2022-10-31,2238.083541243868
Boyle Heights,2022-11-30,2198.521641082875
Boyle Heights,2022-12-31,2201.679756278299
Boyle Heights,2023-01-31,2141.6131183983784
Boyle Heights,2023-02-28,2138.1609937078206
Boyle Heights,2023-03-31,2123.824025615749
Boyle Heights,2023-04-30,2143.2450834820543
Boyle Heights,2023-05-31,2181.411494689336
Boyle Heights,2023-06-30,2139.537806472773
Boyle Heights,2023-07-31,2136.95335508915
Boyle Heights,2023-08-31,2172.5266179048995
Boyle Heights,2023-09-30,2213.1610786517003
Boyle Heights,2023-10-31,2216.94641089298
Boyle Heights,2023-11-30,2273.0857350472
Boyle Heights,2023-12-31,2319.904648116541
Boyle Heights,2024-01-31,2352.9453186923447
Boyle Heights,2024-02-29,2290.658917838565
Boyle Heights,2024-03-31,2241.003201613046
Boyle Heights,2024-04-30,2250.1397490745267
Boyle Heights,2024-05-31,2284.86385688094
Boyle Heights,2024-06-30,2335.921582836153
Boyle Heights,2024-07-31,2292.027363389391
Boyle Heights,2024-08-31,2279.732460433327
Boyle Heights,2024-09-30,2265.9242237048297
Boyle Heights,2024-10-31,2240.7826044699837
Boyle Heights,2024-11-30,2268.9415365073587
Boyle Heights,2024-12-31,2296.0972780474845
Boyle Heights,2025-01-31,2256.6537703517706
Boyle Heights,2025-02-28,2219.9727458349817
Boyle Heights,2025-03-31,2289.2533351109328
Boyle Heights,2025-04-30,2328.364566491605
Boyle Heights,2025-05-31,2286.5639544998494
Boyle Heights,2025-06-30,2255.24360028516
Boyle Heights,2025-07-31,2219.761301423922
Boyle Heights,2025-08-31,2302.5242908749524
Boyle Heights,2025-09-30,2316.55301210939
Boyle Heights,2025-10-31,2327.909794212803
Boyle Heights,2025-11-30,2366.2267879205283
Boyle Heights,2025-12-31,2360.0496496870337
Boyle Heights,2026-01-31,2323.008333333333
Brentwood,2019-01-31,3045.893329243757
Brentwood,2019-02-28,3028.825668724813
Brentwood,2019-03-31,3062.178420988425
Brentwood,2019-04-30,3070.0576554224785
Brentwood,2019-05-31,3122.3914309877364
Brentwood,2019-06-30,3144.326214336315
Brentwood,2019-07-31,3130.111021454457
Brentwood,2019-08-31,3119.439946882675
Brentwood,2019-09-30,3125.437038324926
Brentwood,2019-10-31,3172.8455761479577
Brentwood,2019-11-30,3163.3040856453654
Brentwood,2019-12-31,3162.4987658885157
Brentwood,2020-01-31,3173.6627020058586
Brentwood,2020-02-29,3176.717694263088
Brentwood,2020-03-31,3168.715345537903
Brentwood,2020-04-30,3148.992693278884
Brentwood,2020-05-31,3127.610257310013
Brentwood,2020-06-30,3101.5834156983956
Brentwood,2020-07-31,3110.805518502678
Brentwood,2020-08-31,3100.9323347992063
Brentwood,2020-09-30,3119.0666411920724
Brentwood,2020-10-31,3076.665293729204
Brentwood,2020-11-30,3057.8182371647554
Brentwood,2020-12-31,3025.3399486053822
Brentwood,2021-01-31,3033.0653149220816
Brentwood,2021-02-28,3058.203094763271
Brentwood,2021-03-31,3070.4967671943937
Brentwood,2021-04-30,3060.2226149402854
Brentwood,2021-05-31,3069.53900859585
Brentwood,2021-06-30,3130.266449081982
Brentwood,2021-07-31,3179.316219642095
Brentwood,2021-08-31,3245.85397915691
Brentwood,2021-09-30,3281.6182533617243
Brentwood,2021-10-31,3345.930844317237
Brentwood,2021-11-30,3383.938145252666
Brentwood,2021-12-31,3412.931729763789
Brentwood,2022-01-31,3417.4594609709707
Brentwood,2022-02-28,3426.715850623776
Brentwood,2022-03-31,3425.253612272422
Brentwood,2022-04-30,3463.9723684750907
Brentwood,2022-05-31,3494.8033075793333
Brentwood,2022-06-30,3562.110630344009
Brentwood,2022-07-31,3609.153577940744
Brentwood,2022-08-31,3648.0739513314174
Brentwood,2022-09-30,3657.1852144657864
Brentwood,2022-10-31,3638.14494956574
Brentwood,2022-11-30,3619.342156558518
Brentwood,2022-12-31,3631.56658478258
Brentwood,2023-01-31,3663.315374776227
Brentwood,2023-02-28,3669.1566014852183
Brentwood,2023-03-31,3678.411271995236
Brentwood,2023-04-30,3631.0616873869417
Brentwood,2023-05-31,3666.67052950579
Brentwood,2023-06-30,3704.3195208026577
Brentwood,2023-07-31,3750.666562056793
Brentwood,2023-08-31,3766.4004652794497
Brentwood,2023-09-30,3754.196103937899
Brentwood,2023-10-31,3771.66099129456
Brentwood,2023-11-30,3725.922227663339
Brentwood,2023-12-31,3753.154322557541
Brentwood,2024-01-31,3763.096237571722
Brentwood,2024-02-29,3802.016837592126
Brentwood,2024-03-31,3777.414573834712
Brentwood,2024-04-30,3796.015758311913
Brentwood,2024-05-31,3826.5048799675337
Brentwood,2024-06-30,3798.287684922525
Brentwood,2024-07-31,3804.846164930029
Brentwood,2024-08-31,3822.103258745948
Brentwood,2024-09-30,3859.965703085895
Brentwood,2024-10-31,3855.492811107409
Brentwood,2024-11-30,3803.711627608961
Brentwood,2024-12-31,3799.869810242689
Brentwood,2025-01-31,3874.6517558727505
Brentwood,2025-02-28,4026.015732552558
Brentwood,2025-03-31,4109.859803840807
Brentwood,2025-04-30,4100.8081680578025
Brentwood,2025-05-31,4085.6348356522017
Brentwood,2025-06-30,4106.81759340574
Brentwood,2025-07-31,4098.353713674172
Brentwood,2025-08-31,4101.10981369469
Brentwood,2025-09-30,4094.342538208077
Brentwood,2025-10-31,4100.697552697363
Brentwood,2025-11-30,4067.5606830631264
Brentwood,2025-12-31,4043.861923728128
Brentwood,2026-01-31,4044.41181041181
Culver City,2019-01-31,2856.045903516944
Culver City,2019-02-28,2856.045903516944
Culver City,2019-03-31,2967.0349031330966
Culver City,2019-04-30,2964.018398733553
Culver City,2019-05-31,2996.4432844154553
Culver City,2019-06-30,2957.8625719726774
Culver City,2019-07-31,2950.3426080320064
Culver City,2019-08-31,2981.989566714861
Culver City,2019-09-30,3029.3441693854747
Culver City,2019-10-31,3059.744514251264
Culver City,2019-11-30,3016.4101887568554
Culver City,2019-12-31,2967.105598847804
Culver City,2020-01-31,2735.2844373346156
Culver City,2020-02-29,2757.898653486156
Culver City,2020-03-31,2767.758699728899
Culver City,2020-04-30,2764.4094311936556
Culver City,2020-05-31,2737.1978711875227
Culver City,2020-06-30,2688.6155238284305
Culver City,2020-07-31,2713.978052565497
Culver City,2020-08-31,2688.8318858155367
Culver City,2020-09-30,2721.904788011685
Culver City,2020-10-31,2674.80486406254
Culver City,2020-11-30,2690.280509371276
Culver City,2020-12-31,2635.4460776075625
Culver City,2021-01-31,2655.0121217926567
Culver City,2021-02-28,2674.87209973282
Culver City,2021-03-31,2674.0487136393867
Culver City,2021-04-30,2673.3735907090586
Culver City,2021-05-31,2686.531376763969
Culver City,2021-06-30,2743.7162922800917
Culver City,2021-07-31,2781.838292907273
Culver City,2021-08-31,2829.927316198087
Culver City,2021-09-30,2862.611214200787
Culver City,2021-10-31,2911.3602699475855
Culver City,2021-11-30,2914.2141616019735
Culver City,2021-12-31,2911.5651159178906
Culver City,2022-01-31,2941.767476528538
Culver City,2022-02-28,2963.412818619845
Culver City,2022-03-31,3005.3143087283643
Culver City,2022-04-30,3046.813531912784
Culver City,2022-05-31,3089.5960525519204
Culver City,2022-06-30,3138.4167173387523
Culver City,2022-07-31,3126.1533182606317
Culver City,2022-08-31,3138.6954085138177
Culver City,2022-09-30,3125.932460314614
Culver City,2022-10-31,3111.6865680999385
Culver City,2022-11-30,3081.216757882349
Culver City,2022-12-31,3051.4845699038024
Culver City,2023-01-31,3075.479006597723
Culver City,2023-02-28,3104.7114194070327
Culver City,2023-03-31,3156.342028391979
Culver City,2023-04-30,3165.44024270078
Culver City,2023-05-31,3172.861676064267
Culver City,2023-06-30,3167.545603934899
Culver City,2023-07-31,3167.477552295618
Culver City,2023-08-31,3202.6282335609803
Culver City,2023-09-30,3222.6924515857436
Culver City,2023-10-31,3220.2741647495513
Culver City,2023-11-30,3165.2739752620337
Culver City,2023-12-31,3108.629674164341
Culver City,2024-01-31,3094.158739259275
Culver City,2024-02-29,3152.8963606458897
Culver City,2024-03-31,3225.451527491306
Culver City,2024-04-30,3246.128008784071
Culver City,2024-05-31,3246.88216187527
Culver City,2024-06-30,3255.9987802448395
Culver City,2024-07-31,3281.270538403065
Culver City,2024-08-31,3262.585128053902
Culver City,2024-09-30,3251.0028923357895
Culver City,2024-10-31,3246.680886275749
Culver City,2024-11-30,3260.3786573882217
Culver City,2024-12-31,3256.9040911623333
Culver City,2025-01-31,3306.023753697006
Culver City,2025-02-28,3361.3676755030847
Culver City,2025-03-31,3373.95844649825
Culver City,2025-04-30,3345.865397537642
Culver City,2025-05-31,3362.307168182586
Culver City,2025-06-30,3364.344542867948
Culver City,2025-07-31,3410.6557962363177
Culver City,2025-08-31,3355.759371272833
Culver City,2025-09-30,3370.1265861568486
Culver City,2025-10-31,3340.5800293506427
Culver City,2025-11-30,3363.911484139534
Culver City,2025-12-31,3328.8799649765747
Culver City,2026-01-31,3351.451557239057
Downtown LA,2019-01-31,2456.087545834608
Downtown LA,2019-02-28,2469.590241972247
Downtown LA,2019-03-31,2556.0130385643492
Downtown LA,2019-04-30,2574.073697213214
Downtown LA,2019-05-31,2574.90708138725
Downtown LA,2019-06-30,2590.6581872921834
Downtown LA,2019-07-31,2602.4703843521715
Downtown LA,2019-08-31,2606.848802054161
Downtown LA,2019-09-30,2596.4950284045176
Downtown LA,2019-10-31,2580.8912078041826
Downtown LA,2019-11-30,2570.5136967951153
Downtown LA,2019-12-31,2546.289322732487
Downtown LA,2020-01-31,2536.5420805956533
Downtown LA,2020-02-29,2518.414148205315
Downtown LA,2020-03-31,2540.8169947399015
Downtown LA,2020-04-30,2507.6585348789863
Downtown LA,2020-05-31,2477.706613452134
Downtown LA,2020-06-30,2418.1445260036385
Downtown LA,2020-07-31,2388.4549293004206
Downtown LA,2020-08-31,2367.4511878549274
Downtown LA,2020-09-30,2337.481423395392
Downtown LA,2020-10-31,2325.2799624678396
Downtown LA,2020-11-30,2313.245024080259
Downtown LA,2020-12-31,2308.744769698758
Downtown LA,2021-01-31,2299.0512675796103
Downtown LA,2021-02-28,2294.52277793179
Downtown LA,2021-03-31,2298.4162825808394
Downtown LA,2021-04-30,2308.122679960351
Downtown LA,2021-05-31,2339.5858920236456
Downtown LA,2021-06-30,2404.5864920592867
Downtown LA,2021-07-31,2481.937462734271
Downtown LA,2021-08-31,2559.8973084290865
Downtown LA,2021-09-30,2593.0354989677057
Downtown LA,2021-10-31,2600.3790786166505
Downtown LA,2021-11-30,2600.9716253219553
Downtown LA,2021-12-31,2626.42786272274
Downtown LA,2022-01-31,2660.264283376211
Downtown LA,2022-02-28,2672.1737632577656
Downtown LA,2022-03-31,2663.378885559106
Downtown LA,2022-04-30,2669.7815653435205
Downtown LA,2022-05-31,2671.225959489719
Downtown LA,2022-06-30,2653.84462230737
Downtown LA,2022-07-31,2669.733512817101
Downtown LA,2022-08-31,2665.512059674887
Downtown LA,2022-09-30,2673.4339629620085
Downtown LA,2022-10-31,2660.9609644945526
Downtown LA,2022-11-30,2654.7381085659176
Downtown LA,2022-12-31,2623.6692392415607
Downtown LA,2023-01-31,2617.81078940254
Downtown LA,2023-02-28,2617.8420704121063
Downtown LA,2023-03-31,2633.693713763048
Downtown LA,2023-04-30,2640.362276428245
Downtown LA,2023-05-31,2651.494454840615
Downtown LA,2023-06-30,2637.0967546634233
Downtown LA,2023-07-31,2624.2829657967036
Downtown LA,2023-08-31,2602.0216876406225
Downtown LA,2023-09-30,2578.756649063352
Downtown LA,2023-10-31,2546.23822931615
Downtown LA,2023-11-30,2512.088875125936
Downtown LA,2023-12-31,2496.929056253853
Downtown LA,2024-01-31,2506.6798083220024
Downtown LA,2024-02-29,2529.762735246027
Downtown LA,2024-03-31,2556.899686746101
Downtown LA,2024-04-30,2570.7123111956166
Downtown LA,2024-05-31,2580.399780297458
Downtown LA,2024-06-30,2592.7865570031904
Downtown LA,2024-07-31,2602.95281936464
Downtown LA,2024-08-31,2597.5070611645115
Downtown LA,2024-09-30,2584.8193063475824
Downtown LA,2024-10-31,2574.1432669806454
Downtown LA,2024-11-30,2570.6708456998895
Downtown LA,2024-12-31,2550.7479701055795
Downtown LA,2025-01-31,2551.1169393965865
Downtown LA,2025-02-28,2557.8861555187345
Downtown LA,2025-03-31,2575.38843750813
Downtown LA,2025-04-30,2575.21018080403
Downtown LA,2025-05-31,2580.265353884868
Downtown LA,2025-06-30,2584.122878459392
Downtown LA,2025-07-31,2596.0263617529927
Downtown LA,2025-08-31,2593.2298468366193
Downtown LA,2025-09-30,2596.196573069565
Downtown LA,2025-10-31,2581.1159185328856
Downtown LA,2025-11-30,2551.66401213632
Downtown LA,2025-12-31,2530.686613529449
Downtown LA,2026-01-31,2526.3386517932486
Exposition Park,2019-01-31,2114.129695292431
Exposition Park,2019-02-28,2114.129695292431
Exposition Park,2019-03-31,2114.129695292431
Exposition Park,2019-04-30,2114.129695292431
Exposition Park,2019-05-31,2114.129695292431
Exposition Park,2019-06-30,2114.129695292431
Exposition Park,2019-07-31,2114.129695292431
Exposition Park,2019-08-31,2114.129695292431
Exposition Park,2019-09-30,2114.129695292431
Exposition Park,2019-10-31,2114.129695292431
Exposition Park,2019-11-30,2114.129695292431
Exposition Park,2019-12-31,2114.129695292431
Exposition Park,2020-01-31,2114.129695292431
Exposition Park,2020-02-29,2114.129695292431
Exposition Park,2020-03-31,2114.129695292431
Exposition Park,2020-04-30,2114.129695292431
Exposition Park,2020-05-31,2114.129695292431
Exposition Park,2020-06-30,2114.129695292431
Exposition Park,2020-07-31,2114.129695292431
Exposition Park,2020-08-31,2114.129695292431
Exposition Park,2020-09-30,2114.129695292431
Exposition Park,2020-10-31,2114.129695292431
Exposition Park,2020-11-30,2114.129695292431
Exposition Park,2020-12-31,2114.129695292431
Exposition Park,2021-01-31,2114.129695292431
Exposition Park,2021-02-28,2114.129695292431
Exposition Park,2021-03-31,2114.129695292431
Exposition Park,2021-04-30,2114.129695292431
Exposition Park,2021-05-31,2114.129695292431
Exposition Park,2021-06-30,2114.129695292431
Exposition Park,2021-07-31,2114.129695292431
Exposition Park,2021-08-31,2114.129695292431
Exposition Park,2021-09-30,2114.129695292431
Exposition Park,2021-10-31,2114.129695292431
Exposition Park,2021-11-30,2114.129695292431
Exposition Park,2021-12-31,2114.129695292431
Exposition Park,2022-01-31,2114.129695292431
Exposition Park,2022-02-28,2114.129695292431
Exposition Park,2022-03-31,2114.129695292431
Exposition Park,2022-04-30,2114.129695292431
Exposition Park,2022-05-31,2114.129695292431
Exposition Park,2022-06-30,2114.129695292431
Exposition Park,2022-07-31,2128.3496975988896
Exposition Park,2022-08-31,2131.2401989254317
Exposition Park,2022-09-30,2160.0479923398284
Exposition Park,2022-10-31,2181.811920318474
Exposition Park,2022-11-30,2227.325296533793
Exposition Park,2022-12-31,2281.231320164438
Exposition Park,2023-01-31,2253.2147001708595
Exposition Park,2023-02-28,2227.921152193115
Exposition Park,2023-03-31,2203.292470012878
Exposition Park,2023-04-30,2252.048212409911
Exposition Park,2023-05-31,2251.043465987283
Exposition Park,2023-06-30,2278.9931325805665
Exposition Park,2023-07-31,2284.222135845565
Exposition Park,2023-08-31,2329.6743790920027
Exposition Park,2023-09-30,2328.234603325542
Exposition Park,2023-10-31,2345.502811554959
Exposition Park,2023-11-30,2358.843332463292
Exposition Park,2023-12-31,2375.1750233052653
Exposition Park,2024-01-31,2371.139941908846
Exposition Park,2024-02-29,2369.387873357645
Exposition Park,2024-03-31,2342.4549761126664
Exposition Park,2024-04-30,2390.6079546742253
Exposition Park,2024-05-31,2432.878577977486
Exposition Park,2024-06-30,2488.2808114224354
Exposition Park,2024-07-31,2431.8420193924735
Exposition Park,2024-08-31,2381.64440596149
Exposition Park,2024-09-30,2381.2364756802726
Exposition Park,2024-10-31,2431.7851338024375
Exposition Park,2024-11-30,2468.3386317255745
Exposition Park,2024-12-31,2478.859821737707
Exposition Park,2025-01-31,2505.948313636728
Exposition Park,2025-02-28,2487.8926034185997
Exposition Park,2025-03-31,2478.2333138681397
Exposition Park,2025-04-30,2452.814931080659
Exposition Park,2025-05-31,2416.3835008311803
Exposition Park,2025-06-30,2374.0580627844615
Exposition Park,2025-07-31,2381.6233483815786
Exposition Park,2025-08-31,2439.648970139649
Exposition Park,2025-09-30,2546.3285481170465
Exposition Park,2025-10-31,2486.775174345397
Exposition Park,2025-11-30,2438.6048916619666
Exposition Park,2025-12-31,2412.408500351529
Exposition Park,2026-01-31,2465.6933760683755
Glassell Park,2019-01-31,2215.834817264042
Glassell Park,2019-02-28,2215.834817264042
Glassell Park,2019-03-31,2215.834817264042
Glassell Park,2019-04-30,2215.834817264042
Glassell Park,2019-05-31,2215.834817264042
Glassell Park,2019-06-30,2215.834817264042
Glassell Park,2019-07-31,2215.834817264042
Glassell Park,2019-08-31,2215.834817264042
Glassell Park,2019-09-30,2215.834817264042
Glassell Park,2019-10-31,2215.834817264042
Glassell Park,2019-11-30,2187.222111940407
Glassell Park,2019-12-31,2203.9659554982018
Glassell Park,2020-01-31,2152.5707262822043
Glassell Park,2020-02-29,2180.87694641564
Glassell Park,2020-03-31,2165.4441704981127
Glassell Park,2020-04-30,2206.651877311052
Glassell Park,2020-05-31,2203.4827468150856
Glassell Park,2020-06-30,2239.451464855905
Glassell Park,2020-07-31,2275.8774284678984
Glassell Park,2020-08-31,2290.606939361992
Glassell Park,2020-09-30,2292.6753048890487
Glassell Park,2020-10-31,2257.929671892893
Glassell Park,2020-11-30,2253.3069214937905
Glassell Park,2020-12-31,2232.694532501519
Glassell Park,2021-01-31,2213.624106933137
Glassell Park,2021-02-28,2203.556992356804
Glassell Park,2021-03-31,2204.0488888260734
Glassell Park,2021-04-30,2240.4871905141677
Glassell Park,2021-05-31,2276.1195827227184
Glassell Park,2021-06-30,2329.4933574096303
Glassell Park,2021-07-31,2346.0517386421475
Glassell Park,2021-08-31,2377.7574332663435
Glassell Park,2021-09-30,2361.961943022646
Glassell Park,2021-10-31,2374.8977618763843
Glassell Park,2021-11-30,2387.5160648693027
Glassell Park,2021-12-31,2424.065658729165
Glassell Park,2022-01-31,2429.8887230765363
Glassell Park,2022-02-28,2486.659375638248
Glassell Park,2022-03-31,2551.7649175727897
Glassell Park,2022-04-30,2627.9216960735102
Glassell Park,2022-05-31,2611.565685611248
Glassell Park,2022-06-30,2544.246743148225
Glassell Park,2022-07-31,2551.9795341024756
Glassell Park,2022-08-31,2589.288338634912
Glassell Park,2022-09-30,2630.0816608799623
Glassell Park,2022-10-31,2643.2582831817213
Glassell Park,2022-11-30,2614.0083436327
Glassell Park,2022-12-31,2649.474116573548
Glassell Park,2023-01-31,2629.875350788236
Glassell Park,2023-02-28,2631.7465170127043
Glassell Park,2023-03-31,2637.122836080721
Glassell Park,2023-04-30,2660.790990748972
Glassell Park,2023-05-31,2698.171124794828
Glassell Park,2023-06-30,2662.303112611173
Glassell Park,2023-07-31,2682.3797882220306
Glassell Park,2023-08-31,2669.4538956476545
Glassell Park,2023-09-30,2693.7764689038904
Glassell Park,2023-10-31,2697.629007995211
Glassell Park,2023-11-30,2733.395919763222
Glassell Park,2023-12-31,2743.02746443446
Glassell Park,2024-01-31,2703.989538118381
Glassell Park,2024-02-29,2704.0626051523295
Glassell Park,2024-03-31,2726.3490651029165
Glassell Park,2024-04-30,2786.105275888815
Glassell Park,2024-05-31,2765.141135768459
Glassell Park,2024-06-30,2756.84377828888
Glassell Park,2024-07-31,2768.7157584641595
Glassell Park,2024-08-31,2786.9628713784705
Glassell Park,2024-09-30,2820.9699946076894
Glassell Park,2024-10-31,2789.1941831361733
Glassell Park,2024-11-30,2789.4863382745634
Glassell Park,2024-12-31,2734.567205113612
Glassell Park,2025-01-31,2752.0882449872843
Glassell Park,2025-02-28,2800.02732180775
Glassell Park,2025-03-31,2830.6317786824193
Glassell Park,2025-04-30,2852.9518900523585
Glassell Park,2025-05-31,2838.202217438642
Glassell Park,2025-06-30,2886.441602635498
Glassell Park,2025-07-31,2923.974886610315
Glassell Park,2025-08-31,2942.787567134645
Glassell Park,2025-09-30,2927.812017297261
Glassell Park,2025-10-31,2885.804184672634
Glassell Park,2025-11-30,2814.5625470688246
Glassell Park,2025-12-31,2811.9039812050114
Glassell Park,2026-01-31,2773.577777777778
Hancock Park,2019-01-31,1964.9264205691072
Hancock Park,2019-02-28,1958.1595381733257
Hancock Park,2019-03-31,1955.0614582486785
Hancock Park,2019-04-30,1967.0228553046811
Hancock Park,2019-05-31,2000.7816277428196
Hancock Park,2019-06-30,2018.5770336614648
Hancock Park,2019-07-31,2016.2191903633104
Hancock Park,2019-08-31,2010.441643883207
Hancock Park,2019-09-30,2014.9595298319684
Hancock Park,2019-10-31,2037.2054110410936
Hancock Park,2019-11-30,2063.4977077433714
Hancock Park,2019-12-31,2047.1216617853352
Hancock Park,2020-01-31,2029.279687563536
Hancock Park,2020-02-29,2010.3792968202565
Hancock Park,2020-03-31,2010.198206452756
Hancock Park,2020-04-30,2003.7796745581263
Hancock Park,2020-05-31,1988.180627198097
Hancock Park,2020-06-30,1980.3398060863392
Hancock Park,2020-07-31,1974.147947239958
Hancock Park,2020-08-31,1971.3126854921993
Hancock Park,2020-09-30,1981.6414741945791
Hancock Park,2020-10-31,1979.173995237427
Hancock Park,2020-11-30,2009.6385704941813
Hancock Park,2020-12-31,1993.1208855237317
Hancock Park,2021-01-31,1986.1150165180077
Hancock Park,2021-02-28,1940.3054691699028
Hancock Park,2021-03-31,1921.0996982872416
Hancock Park,2021-04-30,1937.988690081956
Hancock Park,2021-05-31,1967.5191388852968
Hancock Park,2021-06-30,2004.85555531396
Hancock Park,2021-07-31,2034.9186191373576
Hancock Park,2021-08-31,2068.058551533467
Hancock Park,2021-09-30,2110.699663887266
Hancock Park,2021-10-31,2119.7347951308916
Hancock Park,2021-11-30,2133.242799944559
Hancock Park,2021-12-31,2139.8278885438754
Hancock Park,2022-01-31,2149.117127346717
Hancock Park,2022-02-28,2147.6066209241617
Hancock Park,2022-03-31,2159.407381101957
Hancock Park,2022-04-30,2186.5399470997686
Hancock Park,2022-05-31,2213.387589416105
Hancock Park,2022-06-30,2229.4736527106515
Hancock Park,2022-07-31,2244.068974784181
Hancock Park,2022-08-31,2252.209844182576
Hancock Park,2022-09-30,2254.250991898294
Hancock Park,2022-10-31,2245.69954081936
Hancock Park,2022-11-30,2237.0106354784944
Hancock Park,2022-12-31,2233.6495842605714
Hancock Park,2023-01-31,2257.25964186995
Hancock Park,2023-02-28,2271.2628984447883
Hancock Park,2023-03-31,2295.162584514165
Hancock Park,2023-04-30,2290.667202542659
Hancock Park,2023-05-31,2290.317052944481
Hancock Park,2023-06-30,2269.9575026963316
Hancock Park,2023-07-31,2258.8173135228917
Hancock Park,2023-08-31,2269.4900045281715
Hancock Park,2023-09-30,2278.1571713454787
Hancock Park,2023-10-31,2258.6376577723477
Hancock Park,2023-11-30,2248.8377687776547
Hancock Park,2023-12-31,2245.2481294670415
Hancock Park,2024-01-31,2256.1767472786705
Hancock Park,2024-02-29,2232.532425207902
Hancock Park,2024-03-31,2232.1385206715813
Hancock Park,2024-04-30,2219.243695989322
Hancock Park,2024-05-31,2247.3678174357915
Hancock Park,2024-06-30,2243.674182389918
Hancock Park,2024-07-31,2261.497411595389
Hancock Park,2024-08-31,2241.123520549539
Hancock Park,2024-09-30,2255.890808390815
Hancock Park,2024-10-31,2236.9636730018983
Hancock Park,2024-11-30,2239.5473082846106
Hancock Park,2024-12-31,2211.224283879958
Hancock Park,2025-01-31,2279.718903246752
Hancock Park,2025-02-28,2302.01382056712
Hancock Park,2025-03-31,2332.1899342155957
Hancock Park,2025-04-30,2303.924673013656
Hancock Park,2025-05-31,2321.8767890848485
Hancock Park,2025-06-30,2314.799594546382
Hancock Park,2025-07-31,2308.885336510984
Hancock Park,2025-08-31,2289.419590172309
Hancock Park,2025-09-30,2271.9841856316716
Hancock Park,2025-10-31,2266.9239359575913
Hancock Park,2025-11-30,2251.8482817169493
Hancock Park,2025-12-31,2249.5618806706184
Hancock Park,2026-01-31,2246.6473000683527
Highland Park,2019-01-31,2145.528500032243
Highland Park,2019-02-28,2142.581787128842
Highland Park,2019-03-31,2139.618500636479
Highland Park,2019-04-30,2134.396426364182
Highland Park,2019-05-31,2144.5684978847253
Highland Park,2019-06-30,2154.500390259003
Highland Park,2019-07-31,2164.7858687137978
Highland Park,2019-08-31,2175.682301544039
Highland Park,2019-09-30,2165.20731285284
Highland Park,2019-10-31,2186.7772857444443
Highland Park,2019-11-30,2197.6405021747323
Highland Park,2019-12-31,2203.74931364131
Highland Park,2020-01-31,2168.1918288663605
Highland Park,2020-02-29,2164.450520839452
Highland Park,2020-03-31,2174.3508235781837
Highland Park,2020-04-30,2205.7725620729634
Highland Park,2020-05-31,2220.442453602676
Highland Park,2020-06-30,2223.4443043425094
Highland Park,2020-07-31,2232.5757761994223
Highland Park,2020-08-31,2221.8092125420885
Highland Park,2020-09-30,2240.434026092163
Highland Park,2020-10-31,2224.346152561686
Highland Park,2020-11-30,2248.884478400763
Highland Park,2020-12-31,2226.525162458357
Highland Park,2021-01-31,2239.443078250582
Highland Park,2021-02-28,2226.1699033107975
Highland Park,2021-03-31,2248.1101379520564
Highland Park,2021-04-30,2236.633095039936
Highland Park,2021-05-31,2219.5744344144096
Highland Park,2021-06-30,2265.7602131749936
Highland Park,2021-07-31,2317.044183846372
Highland Park,2021-08-31,2366.7253467998967
Highland Park,2021-09-30,2356.7226062458944
Highland Park,2021-10-31,2382.1359962353035
Highland Park,2021-11-30,2412.313317120533
Highland Park,2021-12-31,2416.3695395843133
Highland Park,2022-01-31,2415.628115303055
Highland Park,2022-02-28,2442.4215303357287
Highland Park,2022-03-31,2487.7599610602447
Highland Park,2022-04-30,2518.154670320333
Highland Park,2022-05-31,2525.0583057157887
Highland Park,2022-06-30,2554.8509875317227
Highland Park,2022-07-31,2592.273848017195
Highland Park,2022-08-31,2621.3562804386424
Highland Park,2022-09-30,2619.44563242793
Highland Park,2022-10-31,2604.6382644266705
Highland Park,2022-11-30,2584.7728019309193
Highland Park,2022-12-31,2618.169215132277
Highland Park,2023-01-31,2635.039835904211
Highland Park,2023-02-28,2670.5159630869725
Highland Park,2023-03-31,2642.58257107404
Highland Park,2023-04-30,2675.705991196391
Highland Park,2023-05-31,2693.5584638395917
Highland Park,2023-06-30,2736.236037958876
Highland Park,2023-07-31,2732.9666507323573
Highland Park,2023-08-31,2742.0672068500885
Highland Park,2023-09-30,2728.5793070021955
Highland Park,2023-10-31,2710.1239954831954
Highland Park,2023-11-30,2679.228899769549
Highland Park,2023-12-31,2667.6796601136266
Highland Park,2024-01-31,2686.698583995347
Highland Park,2024-02-29,2696.9984042951437
Highland Park,2024-03-31,2715.746870433226
Highland Park,2024-04-30,2695.189420839079
Highland Park,2024-05-31,2716.848408924238
Highland Park,2024-06-30,2721.6955880118744
Highland Park,2024-07-31,2739.9523637674256
Highland Park,2024-08-31,2761.769637735208
Highland Park,2024-09-30,2756.605579701037
Highland Park,2024-10-31,2766.6996359264813
Highland Park,2024-11-30,2769.9246854199782
Highland Park,2024-12-31,2754.7190903094324
Highland Park,2025-01-31,2800.4539063484667
Highland Park,2025-02-28,2805.0167875536554
Highland Park,2025-03-31,2840.1288674839284
Highland Park,2025-04-30,2831.475330759068
Highland Park,2025-05-31,2830.9014759788633
Highland Park,2025-06-30,2862.9007453918407
Highland Park,2025-07-31,2887.5842132246507
Highland Park,2025-08-31,2895.2072008955956
Highland Park,2025-09-30,2929.1398839166354
Highland Park,2025-10-31,2896.1590346611483
Highland Park,2025-11-30,2889.014801158036
Highland Park,2025-12-31,2837.1176289709197
Highland Park,2026-01-31,2845.1266233766237
Koreatown,2019-01-31,1940.2754559044083
Koreatown,2019-02-28,2238.2589190514223
Koreatown,2019-03-31,2231.5394443360983
Koreatown,2019-04-30,2251.031212508686
Koreatown,2019-05-31,2249.561647137795
Koreatown,2019-06-30,2246.8570765612785
Koreatown,2019-07-31,2224.9137731567994
Koreatown,2019-08-31,2243.943068406677
Koreatown,2019-09-30,2275.4017702777987
Koreatown,2019-10-31,2300.927304863278
Koreatown,2019-11-30,2290.1114383159234
Koreatown,2019-12-31,2280.686517543563
Koreatown,2020-01-31,2281.4076204889343
Koreatown,2020-02-29,2283.2870210313854
Koreatown,2020-03-31,2280.0345174965955
Koreatown,2020-04-30,2252.449919296962
Koreatown,2020-05-31,2230.6651293164196
Koreatown,2020-06-30,2229.56203320219
Koreatown,2020-07-31,2247.637831737122
Koreatown,2020-08-31,2238.039109362632
Koreatown,2020-09-30,2213.4325529796292
Koreatown,2020-10-31,2183.3389054122167
Koreatown,2020-11-30,2179.134746544478
Koreatown,2020-12-31,2168.6610677390127
Koreatown,2021-01-31,2168.5438335207105
Koreatown,2021-02-28,2164.344648276328
Koreatown,2021-03-31,2168.838291646591
Koreatown,2021-04-30,2166.612230096464
Koreatown,2021-05-31,2169.286539121182
Koreatown,2021-06-30,2184.585860097053
Koreatown,2021-07-31,2224.882535844606
Koreatown,2021-08-31,2281.335955451435
Koreatown,2021-09-30,2330.7764454298035
Koreatown,2021-10-31,2341.228073581555
Koreatown,2021-11-30,2362.5736526739197
Koreatown,2021-12-31,2370.749756335355
Koreatown,2022-01-31,2411.248313666638
Koreatown,2022-02-28,2458.198989711655
Koreatown,2022-03-31,2500.0325082988497
Koreatown,2022-04-30,2528.961210593856
Koreatown,2022-05-31,2522.0164232869342
Koreatown,2022-06-30,2518.8124787415613
Koreatown,2022-07-31,2522.848453603882
Koreatown,2022-08-31,2536.6660716206065
Koreatown,2022-09-30,2578.3692467144515
Koreatown,2022-10-31,2575.215067957272
Koreatown,2022-11-30,2543.793193389198
Koreatown,2022-12-31,2489.887567121656
Koreatown,2023-01-31,2478.1947515390534
Koreatown,2023-02-28,2489.504023708986
Koreatown,2023-03-31,2510.805339391621
Koreatown,2023-04-30,2537.003385676437
Koreatown,2023-05-31,2541.8791115305303
Koreatown,2023-06-30,2546.4563958557696
Koreatown,2023-07-31,2535.4140941274313
Koreatown,2023-08-31,2528.2153969277647
Koreatown,2023-09-30,2503.79402864553
Koreatown,2023-10-31,2483.716753059963
Koreatown,2023-11-30,2470.9900553972843
Koreatown,2023-12-31,2461.8956762467756
Koreatown,2024-01-31,2441.112053775336
Koreatown,2024-02-29,2421.406934215586
Koreatown,2024-03-31,2441.723390534434
Koreatown,2024-04-30,2468.595416064632
Koreatown,2024-05-31,2478.0641513795053
Koreatown,2024-06-30,2469.7309279548267
Koreatown,2024-07-31,2459.108383088767
Koreatown,2024-08-31,2472.6456856230925
Koreatown,2024-09-30,2470.4226709022287
Koreatown,2024-10-31,2464.7960075843203
Koreatown,2024-11-30,2437.4355488681726
Koreatown,2024-12-31,2398.5470187008136
Koreatown,2025-01-31,2410.989216241989
Koreatown,2025-02-28,2434.998970716213
Koreatown,2025-03-31,2478.140677182568
Koreatown,2025-04-30,2471.3418870566165
Koreatown,2025-05-31,2469.9581451755944
Koreatown,2025-06-30,2472.841021625159
Koreatown,2025-07-31,2487.778485054238
Koreatown,2025-08-31,2497.6861773681135
Koreatown,2025-09-30,2499.9798448681463
Koreatown,2025-10-31,2495.6959787072533
Koreatown,2025-11-30,2488.142531044599
Koreatown,2025-12-31,2479.592133241318
Koreatown,2026-01-31,2463.2432441553647
Leimert Park,2019-01-31,1575.4742154487226
Leimert Park,2019-02-28,1574.322740210893
Leimert Park,2019-03-31,1632.5340347240583
Leimert Park,2019-04-30,1640.785183078736
Leimert Park,2019-05-31,1658.580792028642
Leimert Park,2019-06-30,1643.1635367686554
Leimert Park,2019-07-31,1653.534854936378
Leimert Park,2019-08-31,1668.6605367651002
Leimert Park,2019-09-30,1694.0665819925366
Leimert Park,2019-10-31,1665.994320606095
Leimert Park,2019-11-30,1668.095868660454
Leimert Park,2019-12-31,1670.249676587031
Leimert Park,2020-01-31,1685.8234399962616
Leimert Park,2020-02-29,1708.8269261128414
Leimert Park,2020-03-31,1706.9482145903928
Leimert Park,2020-04-30,1729.9371587280484
Leimert Park,2020-05-31,1696.0301898322386
Leimert Park,2020-06-30,1714.4171999942812
Leimert Park,2020-07-31,1719.7638602989148
Leimert Park,2020-08-31,1745.2865911781948
Leimert Park,2020-09-30,1749.9390771189724
Leimert Park,2020-10-31,1747.133597529583
Leimert Park,2020-11-30,1760.1810242720082
Leimert Park,2020-12-31,1777.0982391043565
Leimert Park,2021-01-31,1797.3574733269877
Leimert Park,2021-02-28,1775.9762443168593
Leimert Park,2021-03-31,1733.2191739914854
Leimert Park,2021-04-30,1737.2686597531158
Leimert Park,2021-05-31,1744.4179367102074
Leimert Park,2021-06-30,1783.0619961346297
Leimert Park,2021-07-31,1780.2063164625165
Leimert Park,2021-08-31,1805.3709972894792
Leimert Park,2021-09-30,1827.082186919639
Leimert Park,2021-10-31,1868.2769312810815
Leimert Park,2021-11-30,1885.9939043740717
Leimert Park,2021-12-31,1873.2042368867956
Leimert Park,2022-01-31,1865.7875551969555
Leimert Park,2022-02-28,1862.5112852142336
Leimert Park,2022-03-31,1882.3739490780183
Leimert Park,2022-04-30,1894.2060346579033
Leimert Park,2022-05-31,1944.1162941447749
Leimert Park,2022-06-30,1971.0752056354863
Leimert Park,2022-07-31,2007.8292951856852
Leimert Park,2022-08-31,2004.293408519213
Leimert Park,2022-09-30,2047.8618124192344
Leimert Park,2022-10-31,2048.9268294992553
Leimert Park,2022-11-30,2097.565286599867
Leimert Park,2022-12-31,2094.1172913334535
Leimert Park,2023-01-31,2103.819445730027
Leimert Park,2023-02-28,2075.906442165006
Leimert Park,2023-03-31,2065.347929599052
Leimert Park,2023-04-30,2065.12395011052
Leimert Park,2023-05-31,2051.285725448517
Leimert Park,2023-06-30,2075.496760443095
Leimert Park,2023-07-31,2081.548888966023
Leimert Park,2023-08-31,2102.9295995881484
Leimert Park,2023-09-30,2094.2575851380952
Leimert Park,2023-10-31,2094.9439031262964
Leimert Park,2023-11-30,2123.325714392182
Leimert Park,2023-12-31,2140.438097179246
Leimert Park,2024-01-31,2219.4051997706124
Leimert Park,2024-02-29,2225.354070100533
Leimert Park,2024-03-31,2230.4049117866875
Leimert Park,2024-04-30,2172.1693180293505
Leimert Park,2024-05-31,2163.305515801167
Leimert Park,2024-06-30,2193.1190206830324
Leimert Park,2024-07-31,2217.3226499336915
Leimert Park,2024-08-31,2224.115799105799
Leimert Park,2024-09-30,2213.7347685216537
Leimert Park,2024-10-31,2203.594522359607
Leimert Park,2024-11-30,2228.8350594136173
Leimert Park,2024-12-31,2206.8297665465634
Leimert Park,2025-01-31,2219.75669946754
Leimert Park,2025-02-28,2186.9369412185415
Leimert Park,2025-03-31,2198.2329205625706
Leimert Park,2025-04-30,2214.3919526316886
Leimert Park,2025-05-31,2245.1974256760836
Leimert Park,2025-06-30,2288.47236444778
Leimert Park,2025-07-31,2279.88341430272
Leimert Park,2025-08-31,2264.5067546703895
Leimert Park,2025-09-30,2253.937441888598
Leimert Park,2025-10-31,2266.5637478732106
Leimert Park,2025-11-30,2263.00370278958
Leimert Park,2025-12-31,2216.762412446216
Leimert Park,2026-01-31,2183.777777777778
Los Feliz,2019-01-31,2196.0982031729272
Los Feliz,2019-02-28,2209.5756932434556
Los Feliz,2019-03-31,2203.177248336825
Los Feliz,2019-04-30,2190.0842414545764
Los Feliz,2019-05-31,2197.465036064028
Los Feliz,2019-06-30,2232.4407378585393
Los Feliz,2019-07-31,2247.2535048153804
Los Feliz,2019-08-31,2241.3320910451525
Los Feliz,2019-09-30,2237.021977762185
Los Feliz,2019-10-31,2221.380501521458
Los Feliz,2019-11-30,2219.0799267267976
Los Feliz,2019-12-31,2223.636711086735
Los Feliz,2020-01-31,2260.64127385863
Los Feliz,2020-02-29,2286.490661045879
Los Feliz,2020-03-31,2261.5048091946032
Los Feliz,2020-04-30,2247.432225478008
Los Feliz,2020-05-31,2237.8115352643795
Los Feliz,2020-06-30,2241.7397150073
Los Feliz,2020-07-31,2228.1280596800516
Los Feliz,2020-08-31,2218.9691086147877
Los Feliz,2020-09-30,2216.9455275110677
Los Feliz,2020-10-31,2219.1739905836253
Los Feliz,2020-11-30,2214.8423136900583
Los Feliz,2020-12-31,2198.6629865476207
Los Feliz,2021-01-31,2193.0016138064184
Los Feliz,2021-02-28,2194.3168507663277
Los Feliz,2021-03-31,2185.875863546033
Los Feliz,2021-04-30,2187.461904522432
Los Feliz,2021-05-31,2197.919379547258
Los Feliz,2021-06-30,2216.493190480171
Los Feliz,2021-07-31,2246.0943773228028
Los Feliz,2021-08-31,2274.229296357186
Los Feliz,2021-09-30,2329.932369745539
Los Feliz,2021-10-31,2346.512233322047
Los Feliz,2021-11-30,2384.84228097769
Los Feliz,2021-12-31,2411.6984631507544
Los Feliz,2022-01-31,2445.2074743380053
Los Feliz,2022-02-28,2442.5090709039737
Los Feliz,2022-03-31,2429.031241595342
Los Feliz,2022-04-30,2440.963636036193
Los Feliz,2022-05-31,2483.458872143071
Los Feliz,2022-06-30,2513.4673898701467
Los Feliz,2022-07-31,2550.704848959063
Los Feliz,2022-08-31,2558.682352194248
Los Feliz,2022-09-30,2565.5568318730934
Los Feliz,2022-10-31,2540.7696176875575
Los Feliz,2022-11-30,2517.5514637044394
Los Feliz,2022-12-31,2501.594254903753
Los Feliz,2023-01-31,2507.984263166673
Los Feliz,2023-02-28,2511.0169770335815
Los Feliz,2023-03-31,2555.429010714475
Los Feliz,2023-04-30,2565.768516837494
Los Feliz,2023-05-31,2586.847848155164
Los Feliz,2023-06-30,2576.2533385893953
Los Feliz,2023-07-31,2597.9027208048183
Los Feliz,2023-08-31,2591.6337179518414
Los Feliz,2023-09-30,2608.529608050985
Los Feliz,2023-10-31,2595.3139949640517
Los Feliz,2023-11-30,2610.6073048993353
Los Feliz,2023-12-31,2596.0865850751757
Los Feliz,2024-01-31,2599.62281838632
Los Feliz,2024-02-29,2586.366457177294
Los Feliz,2024-03-31,2586.897425190865
Los Feliz,2024-04-30,2586.2588313910933
Los Feliz,2024-05-31,2614.9950263181336
Los Feliz,2024-06-30,2636.9070097739395
Los Feliz,2024-07-31,2647.966126561565
Los Feliz,2024-08-31,2641.7265019528045
Los Feliz,2024-09-30,2646.9036834055723
Los Feliz,2024-10-31,2644.987952064643
Los Feliz,2024-11-30,2625.3015136495055
Los Feliz,2024-12-31,2618.3260632485167
Los Feliz,2025-01-31,2640.738958853258
Los Feliz,2025-02-28,2663.7337536056752
Los Feliz,2025-03-31,2646.345207023765
Los Feliz,2025-04-30,2632.186077454411
Los Feliz,2025-05-31,2659.8119943751085
Los Feliz,2025-06-30,2688.510503688723
Los Feliz,2025-07-31,2698.444301408787
Los Feliz,2025-08-31,2682.9277944994715
Los Feliz,2025-09-30,2687.186537518142
Los Feliz,2025-10-31,2678.5400926621446
Los Feliz,2025-11-30,2673.3064631526345
Los Feliz,2025-12-31,2668.794811201853
Los Feliz,2026-01-31,2691.4506172839506
Mar Vista,2019-01-31,2581.8213037920987
Mar Vista,2019-02-28,2622.069588127874
Mar Vista,2019-03-31,2661.303230507323
Mar Vista,2019-04-30,2680.003615633862
Mar Vista,2019-05-31,2682.797655469407
Mar Vista,2019-06-30,2671.317703532959
Mar Vista,2019-07-31,2697.1964878590857
Mar Vista,2019-08-31,2724.01788690729
Mar Vista,2019-09-30,2720.755962537318
Mar Vista,2019-10-31,2684.372342467062
Mar Vista,2019-11-30,2680.639056393505
Mar Vista,2019-12-31,2673.7161663678744
Mar Vista,2020-01-31,2694.1902673545624
Mar Vista,2020-02-29,2701.689660696775
Mar Vista,2020-03-31,2733.1092376852316
Mar Vista,2020-04-30,2690.6968075343457
Mar Vista,2020-05-31,2664.39592045921
Mar Vista,2020-06-30,2660.234071880114
Mar Vista,2020-07-31,2656.7686757792717
Mar Vista,2020-08-31,2634.7450400560188
Mar Vista,2020-09-30,2587.753094009918
Mar Vista,2020-10-31,2578.0989831903353
Mar Vista,2020-11-30,2554.030671309855
Mar Vista,2020-12-31,2541.946086169188
Mar Vista,2021-01-31,2534.8103110428992
Mar Vista,2021-02-28,2542.180562041687
Mar Vista,2021-03-31,2550.349029333856
Mar Vista,2021-04-30,2551.13920112829
Mar Vista,2021-05-31,2579.2440351083733
Mar Vista,2021-06-30,2592.23957595559
Mar Vista,2021-07-31,2642.257507463933
Mar Vista,2021-08-31,2668.546117972655
Mar Vista,2021-09-30,2715.032639148558
Mar Vista,2021-10-31,2738.6312757255946
Mar Vista,2021-11-30,2749.1176011341045
Mar Vista,2021-12-31,2792.2894707872147
Mar Vista,2022-01-31,2810.264665185173
Mar Vista,2022-02-28,2851.5731276392826
Mar Vista,2022-03-31,2860.791509356669
Mar Vista,2022-04-30,2898.2476321220697
Mar Vista,2022-05-31,2943.746333017937
Mar Vista,2022-06-30,2955.5890244779644
Mar Vista,2022-07-31,2986.839400563588
Mar Vista,2022-08-31,3011.1169751211633
Mar Vista,2022-09-30,3038.3039399081763
Mar Vista,2022-10-31,3026.311018371349
Mar Vista,2022-11-30,2999.6136440599253
Mar Vista,2022-12-31,2982.3438177651196
Mar Vista,2023-01-31,2999.601077514034
Mar Vista,2023-02-28,3035.0483691277955
Mar Vista,2023-03-31,3052.5016673500977
Mar Vista,2023-04-30,3043.3338992979607
Mar Vista,2023-05-31,3020.869549296969
Mar Vista,2023-06-30,3029.230329532478
Mar Vista,2023-07-31,3044.883950112654
Mar Vista,2023-08-31,3055.5356806030477
Mar Vista,2023-09-30,3065.793876545469
Mar Vista,2023-10-31,3073.7409066311134
Mar Vista,2023-11-30,3060.562410395754
Mar Vista,2023-12-31,3044.195883748184
Mar Vista,2024-01-31,3028.84963064393
Mar Vista,2024-02-29,3043.11336266875
Mar Vista,2024-03-31,3072.941720462444
Mar Vista,2024-04-30,3090.6562238018896
Mar Vista,2024-05-31,3096.144923780874
Mar Vista,2024-06-30,3075.258898073624
Mar Vista,2024-07-31,3061.835781976234
Mar Vista,2024-08-31,3058.02000213755
Mar Vista,2024-09-30,3072.244609467607
Mar Vista,2024-10-31,3077.595811723638
Mar Vista,2024-11-30,3079.1257836344193
Mar Vista,2024-12-31,3055.5557363869034
Mar Vista,2025-01-31,3068.8955474498516
Mar Vista,2025-02-28,3094.51002537014
Mar Vista,2025-03-31,3164.284718363292
Mar Vista,2025-04-30,3168.3196594630526
Mar Vista,2025-05-31,3182.365004293344
Mar Vista,2025-06-30,3149.6986505372124
Mar Vista,2025-07-31,3167.675447670227
Mar Vista,2025-08-31,3153.2868491871836
Mar Vista,2025-09-30,3187.681908201884
Mar Vista,2025-10-31,3179.274286039494
Mar Vista,2025-11-30,3177.675953565589
Mar Vista,2025-12-31,3130.157423982606
Mar Vista,2026-01-31,3120.091363563062
Mid-Wilshire,2019-01-31,2519.954578977475
Mid-Wilshire,2019-02-28,2520.916140339109
Mid-Wilshire,2019-03-31,2507.886710776786
Mid-Wilshire,2019-04-30,2503.890490008889
Mid-Wilshire,2019-05-31,2538.4797933443574
Mid-Wilshire,2019-06-30,2538.284821302027
Mid-Wilshire,2019-07-31,2533.3175851970295
Mid-Wilshire,2019-08-31,2525.0627795132596
Mid-Wilshire,2019-09-30,2540.3083893581233
Mid-Wilshire,2019-10-31,2553.34044784121
Mid-Wilshire,2019-11-30,2568.3501716943065
Mid-Wilshire,2019-12-31,2582.910814481249
Mid-Wilshire,2020-01-31,2570.862408502859
Mid-Wilshire,2020-02-29,2572.927273623297
Mid-Wilshire,2020-03-31,2543.718989102077
Mid-Wilshire,2020-04-30,2478.479830667404
Mid-Wilshire,2020-05-31,2444.13732138127
Mid-Wilshire,2020-06-30,2413.3066980180406
Mid-Wilshire,2020-07-31,2433.2464914495245
Mid-Wilshire,2020-08-31,2409.106541785687
Mid-Wilshire,2020-09-30,2365.085433982428
Mid-Wilshire,2020-10-31,2322.563664917492
Mid-Wilshire,2020-11-30,2300.4043719778388
Mid-Wilshire,2020-12-31,2308.6548606042847
Mid-Wilshire,2021-01-31,2329.868556700645
Mid-Wilshire,2021-02-28,2342.626348546032
Mid-Wilshire,2021-03-31,2375.935604135789
Mid-Wilshire,2021-04-30,2396.958578174937
Mid-Wilshire,2021-05-31,2442.09680084637
Mid-Wilshire,2021-06-30,2479.8856988237253
Mid-Wilshire,2021-07-31,2541.796272724687
Mid-Wilshire,2021-08-31,2587.5056396836535
Mid-Wilshire,2021-09-30,2646.798290724244
Mid-Wilshire,2021-10-31,2678.222556519472
Mid-Wilshire,2021-11-30,2693.6094128376003
Mid-Wilshire,2021-12-31,2709.652929050393
Mid-Wilshire,2022-01-31,2715.14796657889
Mid-Wilshire,2022-02-28,2747.6569782700676
Mid-Wilshire,2022-03-31,2772.5945178377165
Mid-Wilshire,2022-04-30,2814.0379061049925
Mid-Wilshire,2022-05-31,2827.6478065754613
Mid-Wilshire,2022-06-30,2839.391424109584
Mid-Wilshire,2022-07-31,2854.120706035129
Mid-Wilshire,2022-08-31,2875.0062926265005
Mid-Wilshire,2022-09-30,2873.829744997573
Mid-Wilshire,2022-10-31,2859.3778884273615
Mid-Wilshire,2022-11-30,2869.6676276014127
Mid-Wilshire,2022-12-31,2894.2793145473634
Mid-Wilshire,2023-01-31,2893.07647300204
Mid-Wilshire,2023-02-28,2881.975091240094
Mid-Wilshire,2023-03-31,2861.1299663571517
Mid-Wilshire,2023-04-30,2866.8750978383523
Mid-Wilshire,2023-05-31,2850.2922341068515
Mid-Wilshire,2023-06-30,2846.6095615748677
Mid-Wilshire,2023-07-31,2833.9488197921487
Mid-Wilshire,2023-08-31,2840.9211732273193
Mid-Wilshire,2023-09-30,2841.0683031431067
Mid-Wilshire,2023-10-31,2829.446067438184
Mid-Wilshire,2023-11-30,2795.3758405046856
Mid-Wilshire,2023-12-31,2751.970723808199
Mid-Wilshire,2024-01-31,2749.2909890534797
Mid-Wilshire,2024-02-29,2758.5472707247563
Mid-Wilshire,2024-03-31,2784.7550325929424
Mid-Wilshire,2024-04-30,2792.464097853209
Mid-Wilshire,2024-05-31,2799.970081530058
Mid-Wilshire,2024-06-30,2822.6689712229986
Mid-Wilshire,2024-07-31,2841.549440738074
Mid-Wilshire,2024-08-31,2852.88730200072
Mid-Wilshire,2024-09-30,2823.084700872034
Mid-Wilshire,2024-10-31,2830.914875910445
Mid-Wilshire,2024-11-30,2817.702203953145
Mid-Wilshire,2024-12-31,2850.7311139703916
Mid-Wilshire,2025-01-31,2861.63916809483
Mid-Wilshire,2025-02-28,2901.6589824887164
Mid-Wilshire,2025-03-31,2909.1650213377548
Mid-Wilshire,2025-04-30,2881.339358487048
Mid-Wilshire,2025-05-31,2839.7338430122145
Mid-Wilshire,2025-06-30,2831.06521447498
Mid-Wilshire,2025-07-31,2850.9306839450674
Mid-Wilshire,2025-08-31,2869.4986132962135
Mid-Wilshire,2025-09-30,2855.3977248287315
Mid-Wilshire,2025-10-31,2840.689177968033
Mid-Wilshire,2025-11-30,2819.0813081645774
Mid-Wilshire,2025-12-31,2822.822514780627
Mid-Wilshire,2026-01-31,2829.4334733893556
Palms,2019-01-31,2252.6717235952383
Palms,2019-02-28,2264.6791870234274
Palms,2019-03-31,2274.83818647827
Palms,2019-04-30,2287.9328710585123
Palms,2019-05-31,2292.452846434985
Palms,2019-06-30,2287.7869645326755
Palms,2019-07-31,2297.799014492384
Palms,2019-08-31,2301.7362784624015
Palms,2019-09-30,2315.482554941449
Palms,2019-10-31,2312.9592211453787
Palms,2019-11-30,2308.1391656340143
Palms,2019-12-31,2307.1348219483484
Palms,2020-01-31,2303.980490243249
Palms,2020-02-29,2313.7502293277735
Palms,2020-03-31,2308.2343006028427
Palms,2020-04-30,2292.047493142089
Palms,2020-05-31,2283.5941159997
Palms,2020-06-30,2272.653869530725
Palms,2020-07-31,2281.4481409641608
Palms,2020-08-31,2257.5339324642905
Palms,2020-09-30,2235.6304881261976
Palms,2020-10-31,2199.4836699986968
Palms,2020-11-30,2160.8797098924215
Palms,2020-12-31,2127.7284161346724
Palms,2021-01-31,2116.099066089444
Palms,2021-02-28,2124.441951614716
Palms,2021-03-31,2130.7472252188377
Palms,2021-04-30,2137.469446048131
Palms,2021-05-31,2160.7016652060156
Palms,2021-06-30,2197.279035882266
Palms,2021-07-31,2228.692690288585
Palms,2021-08-31,2274.820353850855
Palms,2021-09-30,2300.500871257461
Palms,2021-10-31,2340.526198183922
Palms,2021-11-30,2352.639792025845
Palms,2021-12-31,2377.029715020453
Palms,2022-01-31,2396.366444537334
Palms,2022-02-28,2409.480910767149
Palms,2022-03-31,2421.6933441234783
Palms,2022-04-30,2433.858890069356
Palms,2022-05-31,2468.036971783568
Palms,2022-06-30,2508.8123755433603
Palms,2022-07-31,2546.2517657957737
Palms,2022-08-31,2572.246813081917
Palms,2022-09-30,2584.487796596936
Palms,2022-10-31,2591.575022133839
Palms,2022-11-30,2587.9828174412
Palms,2022-12-31,2567.8905269382044
Palms,2023-01-31,2563.0930671789192
Palms,2023-02-28,2561.92035439218
Palms,2023-03-31,2596.060453667148
Palms,2023-04-30,2595.6141657427797
Palms,2023-05-31,2605.757484951191
Palms,2023-06-30,2598.216656168955
Palms,2023-07-31,2610.4143761262926
Palms,2023-08-31,2612.0822177618443
Palms,2023-09-30,2624.335811225057
Palms,2023-10-31,2612.880292428429
Palms,2023-11-30,2597.24039326374
Palms,2023-12-31,2577.056037231609
Palms,2024-01-31,2572.618985881258
Palms,2024-02-29,2586.7843194346046
Palms,2024-03-31,2602.1240086256807
Palms,2024-04-30,2621.0789432948013
Palms,2024-05-31,2620.439461870065
Palms,2024-06-30,2607.418197428363
Palms,2024-07-31,2614.2635580774536
Palms,2024-08-31,2624.8417479169707
Palms,2024-09-30,2650.1538860286587
Palms,2024-10-31,2640.782730710924
Palms,2024-11-30,2626.2773836899764
Palms,2024-12-31,2621.119170497035
Palms,2025-01-31,2645.1712977098623
Palms,2025-02-28,2663.1765015767605
Palms,2025-03-31,2671.230673969042
Palms,2025-04-30,2664.507664924721
Palms,2025-05-31,2666.0189605552077
Palms,2025-06-30,2660.561415608639
Palms,2025-07-31,2662.334645357212
Palms,2025-08-31,2672.344715378664
Palms,2025-09-30,2687.5457703996253
Palms,2025-10-31,2689.156238236012
Palms,2025-11-30,2683.5827221991053
Palms,2025-12-31,2665.558292275097
Palms,2026-01-31,2668.5976242348793
Santa Monica,2019-01-31,3054.2046195323096
Santa Monica,2019-02-28,3052.3238225808855
Santa Monica,2019-03-31,3083.989762651096
Santa Monica,2019-04-30,3085.892883810126
Santa Monica,2019-05-31,3098.8094741043355
Santa Monica,2019-06-30,3107.5040837995516
Santa Monica,2019-07-31,3115.0341831160276
Santa Monica,2019-08-31,3132.592651839428
Santa Monica,2019-09-30,3159.416634891566
Santa Monica,2019-10-31,3159.871370287261
Santa Monica,2019-11-30,3136.541100459495
Santa Monica,2019-12-31,3123.7175605778043
Santa Monica,2020-01-31,3125.556197258154
Santa Monica,2020-02-29,3144.1765322835804
Santa Monica,2020-03-31,3146.2891292791955
Santa Monica,2020-04-30,3114.007980834614
Santa Monica,2020-05-31,3086.3930009148644
Santa Monica,2020-06-30,3075.4321669827477
Santa Monica,2020-07-31,3080.5710590126823
Santa Monica,2020-08-31,3063.7526749393996
Santa Monica,2020-09-30,3044.3026323887498
Santa Monica,2020-10-31,3006.0349973299526
Santa Monica,2020-11-30,2970.710778803364
Santa Monica,2020-12-31,2940.4768462696916
Santa Monica,2021-01-31,2930.289566642463
Santa Monica,2021-02-28,2929.655759727591
Santa Monica,2021-03-31,2937.5408275972336
Santa Monica,2021-04-30,2949.1513636683285
Santa Monica,2021-05-31,2970.6568268763695
Santa Monica,2021-06-30,3001.7621778464836
Santa Monica,2021-07-31,3069.39666004176
Santa Monica,2021-08-31,3126.280342755957
Santa Monica,2021-09-30,3179.0468459454073
Santa Monica,2021-10-31,3198.6065002715227
Santa Monica,2021-11-30,3214.650135844409
Santa Monica,2021-12-31,3218.2599415481673
Santa Monica,2022-01-31,3223.886939663373
Santa Monica,2022-02-28,3253.0675864324858
Santa Monica,2022-03-31,3297.1193454048102
Santa Monica,2022-04-30,3332.0669763503925
Santa Monica,2022-05-31,3353.696575192056
Santa Monica,2022-06-30,3372.39359873373
Santa Monica,2022-07-31,3390.9774681109516
Santa Monica,2022-08-31,3398.48114179733
Santa Monica,2022-09-30,3409.419472993901
Santa Monica,2022-10-31,3425.8007999435613
Santa Monica,2022-11-30,3433.9724923955696
Santa Monica,2022-12-31,3407.3387300432805
Santa Monica,2023-01-31,3408.255473742664
Santa Monica,2023-02-28,3432.31939327619
Santa Monica,2023-03-31,3471.6081299106413
Santa Monica,2023-04-30,3452.8140255643084
Santa Monica,2023-05-31,3433.1126179215867
Santa Monica,2023-06-30,3426.4850249436954
Santa Monica,2023-07-31,3458.2288386828404
Santa Monica,2023-08-31,3471.6345844857283
Santa Monica,2023-09-30,3487.294877017806
Santa Monica,2023-10-31,3462.3424890971323
Santa Monica,2023-11-30,3446.1010840513713
Santa Monica,2023-12-31,3427.260972477872
Santa Monica,2024-01-31,3442.588242794147
Santa Monica,2024-02-29,3478.596025803723
Santa Monica,2024-03-31,3488.9347323894835
Santa Monica,2024-04-30,3511.585302071431
Santa Monica,2024-05-31,3504.076986994173
Santa Monica,2024-06-30,3502.6038606649113
Santa Monica,2024-07-31,3502.985475091687
Santa Monica,2024-08-31,3502.646779679746
Santa Monica,2024-09-30,3509.9291469256787
Santa Monica,2024-10-31,3497.642477948722
Santa Monica,2024-11-30,3492.69611840438
Santa Monica,2024-12-31,3493.301404880672
Santa Monica,2025-01-31,3547.491316551217
Santa Monica,2025-02-28,3590.9892990544936
Santa Monica,2025-03-31,3649.549319802265
Santa Monica,2025-04-30,3650.5983013715654
Santa Monica,2025-05-31,3629.978727796468
Santa Monica,2025-06-30,3614.08329632839
Santa Monica,2025-07-31,3585.257122745083
Santa Monica,2025-08-31,3597.8484860471017
Santa Monica,2025-09-30,3605.715927324312
Santa Monica,2025-10-31,3613.9120931037087
Santa Monica,2025-11-30,3616.600642732378
Santa Monica,2025-12-31,3604.5447390162713
Santa Monica,2026-01-31,3614.902619872742
Silver Lake,2019-01-31,2277.0051096525785
Silver Lake,2019-02-28,2279.218446537419
Silver Lake,2019-03-31,2297.693450530668
Silver Lake,2019-04-30,2285.603201136249
Silver Lake,2019-05-31,2296.8735060023673
Silver Lake,2019-06-30,2313.5440721161585
Silver Lake,2019-07-31,2324.7273523737476
Silver Lake,2019-08-31,2333.1132785903173
Silver Lake,2019-09-30,2344.2983329918297
Silver Lake,2019-10-31,2330.730074204984
Silver Lake,2019-11-30,2340.309941603822
Silver Lake,2019-12-31,2331.279771822392
Silver Lake,2020-01-31,2372.6340799657496
Silver Lake,2020-02-29,2374.9222159404444
Silver Lake,2020-03-31,2380.7340299599796
Silver Lake,2020-04-30,2369.114842623201
Silver Lake,2020-05-31,2349.2493597798293
Silver Lake,2020-06-30,2336.459792620682
Silver Lake,2020-07-31,2320.0190044979736
Silver Lake,2020-08-31,2333.868989088509
Silver Lake,2020-09-30,2343.998968882228
Silver Lake,2020-10-31,2329.370280830012
Silver Lake,2020-11-30,2341.328151347733
Silver Lake,2020-12-31,2342.8434584392717
Silver Lake,2021-01-31,2351.5227896846227
Silver Lake,2021-02-28,2323.2398069471055
Silver Lake,2021-03-31,2304.8058160691726
Silver Lake,2021-04-30,2331.817363739365
Silver Lake,2021-05-31,2382.635934451367
Silver Lake,2021-06-30,2421.871605198784
Silver Lake,2021-07-31,2447.289863797946
Silver Lake,2021-08-31,2441.9218385190343
Silver Lake,2021-09-30,2459.8147377584664
Silver Lake,2021-10-31,2488.9864838239437
Silver Lake,2021-11-30,2527.158155699204
Silver Lake,2021-12-31,2539.7845103850605
Silver Lake,2022-01-31,2534.7129374462484
Silver Lake,2022-02-28,2545.189675519411
Silver Lake,2022-03-31,2565.3882892312886
Silver Lake,2022-04-30,2612.1509708153544
Silver Lake,2022-05-31,2646.84452333549
Silver Lake,2022-06-30,2698.984874076602
Silver Lake,2022-07-31,2701.7377463469056
Silver Lake,2022-08-31,2719.76010557416
Silver Lake,2022-09-30,2718.3626832802574
Silver Lake,2022-10-31,2715.784005030662
Silver Lake,2022-11-30,2698.4357495650593
Silver Lake,2022-12-31,2671.8612696287955
Silver Lake,2023-01-31,2667.602760469268
Silver Lake,2023-02-28,2681.211804936617
Silver Lake,2023-03-31,2712.926559887869
Silver Lake,2023-04-30,2725.43014634021
Silver Lake,2023-05-31,2731.308327806114
Silver Lake,2023-06-30,2750.1420521143
Silver Lake,2023-07-31,2773.6105385814653
Silver Lake,2023-08-31,2785.8970595136875
Silver Lake,2023-09-30,2783.4024904382436
Silver Lake,2023-10-31,2785.133055949716
Silver Lake,2023-11-30,2767.559882816573
Silver Lake,2023-12-31,2747.582819148826
Silver Lake,2024-01-31,2748.041033230026
Silver Lake,2024-02-29,2750.695036567575
Silver Lake,2024-03-31,2765.2610038949197
Silver Lake,2024-04-30,2778.2219429705865
Silver Lake,2024-05-31,2789.0441863120936
Silver Lake,2024-06-30,2792.512981904531
Silver Lake,2024-07-31,2800.6993430674847
Silver Lake,2024-08-31,2810.1725224219517
Silver Lake,2024-09-30,2822.316238702663
Silver Lake,2024-10-31,2797.614291396575
Silver Lake,2024-11-30,2806.7709872593528
Silver Lake,2024-12-31,2782.363020740384
Silver Lake,2025-01-31,2816.5106714470057
Silver Lake,2025-02-28,2818.835455778484
Silver Lake,2025-03-31,2876.7751987729253
Silver Lake,2025-04-30,2882.3326600465207
Silver Lake,2025-05-31,2883.040671611685
Silver Lake,2025-06-30,2889.253974798242
Silver Lake,2025-07-31,2900.6446002109587
Silver Lake,2025-08-31,2941.868614633534
Silver Lake,2025-09-30,2923.816206423945
Silver Lake,2025-10-31,2905.6555387533617
Silver Lake,2025-11-30,2857.8123481321127
Silver Lake,2025-12-31,2844.2202485017397
Silver Lake,2026-01-31,2839.3443479646967
University Park,2019-01-31,1938.5388859226664
University Park,2019-02-28,1938.5388859226664
University Park,2019-03-31,1938.5388859226664
University Park,2019-04-30,1938.5388859226664
University Park,2019-05-31,1938.5388859226664
University Park,2019-06-30,1938.5388859226664
University Park,2019-07-31,1938.5388859226664
University Park,2019-08-31,1938.5388859226664
University Park,2019-09-30,1938.5388859226664
University Park,2019-10-31,1938.5388859226664
University Park,2019-11-30,1938.5388859226664
University Park,2019-12-31,1938.5388859226664
University Park,2020-01-31,1938.5388859226664
University Park,2020-02-29,1938.5388859226664
University Park,2020-03-31,1938.5388859226664
University Park,2020-04-30,1938.5388859226664
University Park,2020-05-31,1938.5388859226664
University Park,2020-06-30,1938.5388859226664
University Park,2020-07-31,1938.5388859226664
University Park,2020-08-31,1938.5388859226664
University Park,2020-09-30,1938.5388859226664
University Park,2020-10-31,1938.5388859226664
University Park,2020-11-30,1938.5388859226664
University Park,2020-12-31,1938.5388859226664
University Park,2021-01-31,1938.5388859226664
University Park,2021-02-28,1938.5388859226664
University Park,2021-03-31,1938.5388859226664
University Park,2021-04-30,1938.5388859226664
University Park,2021-05-31,1938.5388859226664
University Park,2021-06-30,1938.5388859226664
University Park,2021-07-31,1938.5388859226664
University Park,2021-08-31,1938.5388859226664
University Park,2021-09-30,1938.5388859226664
University Park,2021-10-31,1938.5388859226664
University Park,2021-11-30,1938.5388859226664
University Park,2021-12-31,1938.5388859226664
University Park,2022-01-31,1938.5388859226664
University Park,2022-02-28,2060.253898941469
University Park,2022-03-31,2123.228539694509
University Park,2022-04-30,2133.0572555257786
University Park,2022-05-31,2216.244711579443
University Park,2022-06-30,2134.7535399161957
University Park,2022-07-31,2146.154827012595
University Park,2022-08-31,2186.6739161091673
University Park,2022-09-30,2178.6920004809467
University Park,2022-10-31,2250.369308367068
University Park,2022-11-30,2205.253050088176
University Park,2022-12-31,2320.1608644068083
University Park,2023-01-31,2304.754895351188
University Park,2023-02-28,2340.743258784054
University Park,2023-03-31,2356.1793311351453
University Park,2023-04-30,2343.8783972209862
University Park,2023-05-31,2360.367235336461
University Park,2023-06-30,2349.5684282283937
University Park,2023-07-31,2371.3061488473745
University Park,2023-08-31,2359.8544355600475
University Park,2023-09-30,2348.5155435716824
University Park,2023-10-31,2360.98485798286
University Park,2023-11-30,2382.0120439130405
University Park,2023-12-31,2377.0838769717434
University Park,2024-01-31,2381.228851099715
University Park,2024-02-29,2382.822611014709
University Park,2024-03-31,2377.625786720965
University Park,2024-04-30,2352.183401755694
University Park,2024-05-31,2318.1981689077897
University Park,2024-06-30,2340.355568225055
University Park,2024-07-31,2374.8021453110596
University Park,2024-08-31,2385.3267868510293
University Park,2024-09-30,2392.262982614734
University Park,2024-10-31,2384.2516758155666
University Park,2024-11-30,2408.2267565412226
University Park,2024-12-31,2428.5930545105366
University Park,2025-01-31,2398.3436193679995
University Park,2025-02-28,2407.70220333668
University Park,2025-03-31,2351.3527782981646
University Park,2025-04-30,2412.250308902318
University Park,2025-05-31,2456.842283340546
University Park,2025-06-30,2544.562637244341
University Park,2025-07-31,2481.1898713203595
University Park,2025-08-31,2397.656159586564
University Park,2025-09-30,2377.2337884222497
University Park,2025-10-31,2422.9957283333856
University Park,2025-11-30,2475.135180510702
University Park,2025-12-31,2437.5754271938627
University Park,2026-01-31,2454.8030303030305
Vermont Square,2019-01-31,1847.3231077438645
Vermont Square,2019-02-28,1847.3231077438645
Vermont Square,2019-03-31,1847.3231077438645
Vermont Square,2019-04-30,1847.3231077438645
Vermont Square,2019-05-31,1847.3231077438645
Vermont Square,2019-06-30,1847.3231077438645
Vermont Square,2019-07-31,1847.3231077438645
Vermont Square,2019-08-31,1847.3231077438645
Vermont Square,2019-09-30,1847.3231077438645
Vermont Square,2019-10-31,1847.3231077438645
Vermont Square,2019-11-30,1847.3231077438645
Vermont Square,2019-12-31,1847.3231077438645
Vermont Square,2020-01-31,1847.3231077438645
Vermont Square,2020-02-29,1847.3231077438645
Vermont Square,2020-03-31,1847.3231077438645
Vermont Square,2020-04-30,1847.3231077438645
Vermont Square,2020-05-31,1847.3231077438645
Vermont Square,2020-06-30,1847.3231077438645
Vermont Square,2020-07-31,1847.3231077438645
Vermont Square,2020-08-31,1847.3231077438645
Vermont Square,2020-09-30,1847.3231077438645
Vermont Square,2020-10-31,1847.3231077438645
Vermont Square,2020-11-30,1847.3231077438645
Vermont Square,2020-12-31,1836.919466290304
Vermont Square,2021-01-31,1854.1921021140183
Vermont Square,2021-02-28,1837.7235618909983
Vermont Square,2021-03-31,1892.675448939992
Vermont Square,2021-04-30,1900.696516181313
Vermont Square,2021-05-31,1878.757156616885
Vermont Square,2021-06-30,1846.7704172525496
Vermont Square,2021-07-31,1821.983907141906
Vermont Square,2021-08-31,1831.0799216323655
Vermont Square,2021-09-30,1878.224503685504
Vermont Square,2021-10-31,1932.9698455244295
Vermont Square,2021-11-30,1968.6908375253795
Vermont Square,2021-12-31,1974.110687886622
Vermont Square,2022-01-31,1985.823608276622
Vermont Square,2022-02-28,1984.466764626622
Vermont Square,2022-03-31,1944.8551377985284
Vermont Square,2022-04-30,1932.4380798044149
Vermont Square,2022-05-31,1966.161108495764
Vermont Square,2022-06-30,2046.922608698104
Vermont Square,2022-07-31,2113.749401030516
Vermont Square,2022-08-31,2107.614521770407
Vermont Square,2022-09-30,2052.590840568695
Vermont Square,2022-10-31,2066.69962790106
Vermont Square,2022-11-30,2116.021582936281
Vermont Square,2022-12-31,2207.430105771435
Vermont Square,2023-01-31,2224.238519292455
Vermont Square,2023-02-28,2223.3297399598773
Vermont Square,2023-03-31,2179.6564049314534
Vermont Square,2023-04-30,2208.8351807161885
Vermont Square,2023-05-31,2213.6271972329405
Vermont Square,2023-06-30,2254.2255927046645
Vermont Square,2023-07-31,2230.387490484746
Vermont Square,2023-08-31,2262.1185284586263
Vermont Square,2023-09-30,2263.4157458428253
Vermont Square,2023-10-31,2342.6357064343715
Vermont Square,2023-11-30,2330.4876261050645
Vermont Square,2023-12-31,2347.683109638009
Vermont Square,2024-01-31,2327.328215518913
Vermont Square,2024-02-29,2338.489159191274
Vermont Square,2024-03-31,2377.40247193441
Vermont Square,2024-04-30,2371.5082764609897
Vermont Square,2024-05-31,2360.560496570848
Vermont Square,2024-06-30,2381.842182993514
Vermont Square,2024-07-31,2389.7195310041
Vermont Square,2024-08-31,2408.9117404941694
Vermont Square,2024-09-30,2380.8060195945063
Vermont Square,2024-10-31,2412.1411562792305
Vermont Square,2024-11-30,2494.0721497970867
Vermont Square,2024-12-31,2536.645016903237
Vermont Square,2025-01-31,2510.7644074609098
Vermont Square,2025-02-28,2467.71023825858
Vermont Square,2025-03-31,2425.1379806789146
Vermont Square,2025-04-30,2382.20091256811
Vermont Square,2025-05-31,2320.1387943296045
Vermont Square,2025-06-30,2340.2160746291543
Vermont Square,2025-07-31,2334.9117919948017
Vermont Square,2025-08-31,2348.7060080249257
Vermont Square,2025-09-30,2300.86065933709
Vermont Square,2025-10-31,2323.7482658222298
Vermont Square,2025-11-30,2330.6217954333
Vermont Square,2025-12-31,2351.326901936943
Vermont Square,2026-01-31,2346.252136752137
West Adams,2019-01-31,2170.4316905178816
West Adams,2019-02-28,2201.5767031760097
West Adams,2019-03-31,2229.4669756092712
West Adams,2019-04-30,2282.967395738977
West Adams,2019-05-31,2256.050973033277
West Adams,2019-06-30,2275.5870093516696
West Adams,2019-07-31,2303.9884798799385
West Adams,2019-08-31,2342.110776151758
West Adams,2019-09-30,2317.5319768597283
West Adams,2019-10-31,2294.101159272929
West Adams,2019-11-30,2284.357681846571
West Adams,2019-12-31,2326.4721129387895
West Adams,2020-01-31,2361.32619873602
West Adams,2020-02-29,2373.3898233610744
West Adams,2020-03-31,2380.5259418124847
West Adams,2020-04-30,2369.5334287744126
West Adams,2020-05-31,2385.416835395996
West Adams,2020-06-30,2367.8563579921165
West Adams,2020-07-31,2363.2266907733606
West Adams,2020-08-31,2363.999329711405
West Adams,2020-09-30,2365.8701848286187
West Adams,2020-10-31,2339.678761712229
West Adams,2020-11-30,2320.832464687529
West Adams,2020-12-31,2335.1617999588393
West Adams,2021-01-31,2398.8398305280734
West Adams,2021-02-28,2447.463302006264
West Adams,2021-03-31,2455.142693223742
West Adams,2021-04-30,2430.2566035513696
West Adams,2021-05-31,2405.1671016790506
West Adams,2021-06-30,2392.0825607900224
West Adams,2021-07-31,2414.488953491779
West Adams,2021-08-31,2467.665238920742
West Adams,2021-09-30,2521.939292053424
West Adams,2021-10-31,2565.6961188216237
West Adams,2021-11-30,2541.272712683458
West Adams,2021-12-31,2585.101992195737
West Adams,2022-01-31,2584.0242858238175
West Adams,2022-02-28,2620.430271483742
West Adams,2022-03-31,2623.41881854841
West Adams,2022-04-30,2631.8516763896805
West Adams,2022-05-31,2671.396691135965
West Adams,2022-06-30,2667.507161335763
West Adams,2022-07-31,2716.7843955031412
West Adams,2022-08-31,2723.9077155418354
West Adams,2022-09-30,2738.6196580255755
West Adams,2022-10-31,2748.91511112984
West Adams,2022-11-30,2777.0236628572093
West Adams,2022-12-31,2807.0384090479724
West Adams,2023-01-31,2780.8769334028625
West Adams,2023-02-28,2775.8900599698445
West Adams,2023-03-31,2775.060465473533
West Adams,2023-04-30,2808.82374106498
West Adams,2023-05-31,2806.9349304385146
West Adams,2023-06-30,2800.2797262249305
West Adams,2023-07-31,2792.1881488348317
West Adams,2023-08-31,2805.310115609297
West Adams,2023-09-30,2812.433656624356
West Adams,2023-10-31,2824.299796561379
West Adams,2023-11-30,2827.6624082580374
West Adams,2023-12-31,2827.669943742879
West Adams,2024-01-31,2825.2568149978815
West Adams,2024-02-29,2852.190376147639
West Adams,2024-03-31,2862.9010863211806
West Adams,2024-04-30,2890.980997867329
West Adams,2024-05-31,2864.284820989082
West Adams,2024-06-30,2856.041602860394
West Adams,2024-07-31,2856.04952050711
West Adams,2024-08-31,2870.1989127166416
West Adams,2024-09-30,2911.673444330846
West Adams,2024-10-31,2922.852995641484
West Adams,2024-11-30,2924.719852937967
West Adams,2024-12-31,2884.2453932139965
West Adams,2025-01-31,2888.1609402875056
West Adams,2025-02-28,2897.155378282934
West Adams,2025-03-31,2958.3064776974516
West Adams,2025-04-30,2961.404459105759
West Adams,2025-05-31,2987.321123328158
West Adams,2025-06-30,2977.4054230974416
West Adams,2025-07-31,2996.4304336179157
West Adams,2025-08-31,3013.779447014678
West Adams,2025-09-30,3008.171089623249
West Adams,2025-10-31,2977.1508903224094
West Adams,2025-11-30,2925.6379443761734
West Adams,2025-12-31,2922.9371304573965
West Adams,2026-01-31,2931.3614734299517
West Hollywood,2019-01-31,2621.9593808251147
West Hollywood,2019-02-28,2641.6366421085604
West Hollywood,2019-03-31,2686.986352719595
West Hollywood,2019-04-30,2690.3925877802403
West Hollywood,2019-05-31,2679.7148396747502
West Hollywood,2019-06-30,2674.784410383373
West Hollywood,2019-07-31,2690.9267696652587
West Hollywood,2019-08-31,2695.6339867036395
West Hollywood,2019-09-30,2713.188499003654
West Hollywood,2019-10-31,2703.041193992857
West Hollywood,2019-11-30,2709.5457472966373
West Hollywood,2019-12-31,2703.996724797351
West Hollywood,2020-01-31,2723.5257846224813
West Hollywood,2020-02-29,2726.7158688995537
West Hollywood,2020-03-31,2712.3190298752725
West Hollywood,2020-04-30,2679.1335753063677
West Hollywood,2020-05-31,2659.4560089382067
West Hollywood,2020-06-30,2677.9162972972695
West Hollywood,2020-07-31,2693.8830763437863
West Hollywood,2020-08-31,2678.4073208421732
West Hollywood,2020-09-30,2650.563683021318
West Hollywood,2020-10-31,2637.62678077147
West Hollywood,2020-11-30,2648.881808878586
West Hollywood,2020-12-31,2643.281139213365
West Hollywood,2021-01-31,2643.4311046279126
West Hollywood,2021-02-28,2647.5563517316887
West Hollywood,2021-03-31,2672.691340354918
West Hollywood,2021-04-30,2668.638166295784
West Hollywood,2021-05-31,2679.609909997297
West Hollywood,2021-06-30,2699.9026878395443
West Hollywood,2021-07-31,2761.319381491574
West Hollywood,2021-08-31,2807.9329143710665
West Hollywood,2021-09-30,2834.6127759702335
West Hollywood,2021-10-31,2846.741895381567
West Hollywood,2021-11-30,2886.248759746031
West Hollywood,2021-12-31,2926.895302599661
West Hollywood,2022-01-31,2950.5384198946676
West Hollywood,2022-02-28,2981.9648735662568
West Hollywood,2022-03-31,3000.843079509488
West Hollywood,2022-04-30,3011.3905264315717
West Hollywood,2022-05-31,3007.0683669010514
West Hollywood,2022-06-30,3027.2317403286497
West Hollywood,2022-07-31,3063.8247915257516
West Hollywood,2022-08-31,3073.7543333690155
West Hollywood,2022-09-30,3067.5632385526615
West Hollywood,2022-10-31,3061.875704825795
West Hollywood,2022-11-30,3057.283840733396
West Hollywood,2022-12-31,3062.3846150829904
West Hollywood,2023-01-31,3060.113221068156
West Hollywood,2023-02-28,3094.076468926901
West Hollywood,2023-03-31,3111.9708776766647
West Hollywood,2023-04-30,3131.234283446348
West Hollywood,2023-05-31,3136.8140939884315
West Hollywood,2023-06-30,3126.9194938759274
West Hollywood,2023-07-31,3138.5152058929616
West Hollywood,2023-08-31,3124.9106963896384
West Hollywood,2023-09-30,3124.680029321628
West Hollywood,2023-10-31,3116.8276252305714
West Hollywood,2023-11-30,3102.78956050582
West Hollywood,2023-12-31,3099.3163877315283
West Hollywood,2024-01-31,3088.4413522713658
West Hollywood,2024-02-29,3114.1625559175154
West Hollywood,2024-03-31,3126.5217467255934
West Hollywood,2024-04-30,3118.622926220515
West Hollywood,2024-05-31,3107.302848520882
West Hollywood,2024-06-30,3109.338928316012
West Hollywood,2024-07-31,3124.9752365326754
West Hollywood,2024-08-31,3119.955505401601
West Hollywood,2024-09-30,3119.7661649750435
West Hollywood,2024-10-31,3132.8967187504295
West Hollywood,2024-11-30,3142.602703158293
West Hollywood,2024-12-31,3132.1616530820493
West Hollywood,2025-01-31,3188.5545048895547
West Hollywood,2025-02-28,3220.5187394966524
West Hollywood,2025-03-31,3276.199079006246
West Hollywood,2025-04-30,3244.8217836872427
West Hollywood,2025-05-31,3226.967463399069
West Hollywood,2025-06-30,3193.494738470371
West Hollywood,2025-07-31,3183.0847366925072
West Hollywood,2025-08-31,3189.6854117383173
West Hollywood,2025-09-30,3215.8502631051606
West Hollywood,2025-10-31,3208.099091573119
West Hollywood,2025-11-30,3201.8895762321445
West Hollywood,2025-12-31,3147.8575594346203
West Hollywood,2026-01-31,3162.930367780368
Westwood,2019-01-31,3279.79370993467
Westwood,2019-02-28,3269.1257107949623
Westwood,2019-03-31,3284.8923947395056
Westwood,2019-04-30,3270.1243433306136
Westwood,2019-05-31,3281.5791702699444
Westwood,2019-06-30,3292.7818771150505
Westwood,2019-07-31,3329.0264514287123
Westwood,2019-08-31,3353.543455268911
Westwood,2019-09-30,3358.0357793587636
Westwood,2019-10-31,3308.6136428871805
Westwood,2019-11-30,3266.964913737053
Westwood,2019-12-31,3235.608070591666
Westwood,2020-01-31,3300.9597417145924
Westwood,2020-02-29,3349.9710363595927
Westwood,2020-03-31,3364.449818604665
Westwood,2020-04-30,3368.1743311285472
Westwood,2020-05-31,3342.357892476893
Westwood,2020-06-30,3343.829381043054
Westwood,2020-07-31,3289.420299281026
Westwood,2020-08-31,3301.450777676538
Westwood,2020-09-30,3263.323126387862
Westwood,2020-10-31,3223.8034331302347
Westwood,2020-11-30,3119.3038480117048
Westwood,2020-12-31,3132.854269402014
Westwood,2021-01-31,3153.5590639869615
Westwood,2021-02-28,3171.881674534305
Westwood,2021-03-31,3183.57614673726
Westwood,2021-04-30,3197.4458633750824
Westwood,2021-05-31,3276.728218763759
Westwood,2021-06-30,3328.412766113611
Westwood,2021-07-31,3384.5039813585295
Westwood,2021-08-31,3440.891012758123
Westwood,2021-09-30,3441.8114767279635
Westwood,2021-10-31,3469.2072732276
Westwood,2021-11-30,3460.6128436942377
Westwood,2021-12-31,3495.6887254212866
Westwood,2022-01-31,3508.330209839883
Westwood,2022-02-28,3530.192822233535
Westwood,2022-03-31,3568.0393240785147
Westwood,2022-04-30,3620.800896465921
Westwood,2022-05-31,3675.7793760632953
Westwood,2022-06-30,3710.5805581127584
Westwood,2022-07-31,3735.777003175526
Westwood,2022-08-31,3765.960646507112
Westwood,2022-09-30,3765.3217548603857
Westwood,2022-10-31,3760.3860009087743
Westwood,2022-11-30,3712.0332439736785
Westwood,2022-12-31,3681.325572251314
Westwood,2023-01-31,3684.0508380236174
Westwood,2023-02-28,3705.374068280854
Westwood,2023-03-31,3770.8170142464264
Westwood,2023-04-30,3782.3157549533826
Westwood,2023-05-31,3793.3353517897976
Westwood,2023-06-30,3785.8712255426167
Westwood,2023-07-31,3784.625339584368
Westwood,2023-08-31,3776.432272575177
Westwood,2023-09-30,3761.102533988785
Westwood,2023-10-31,3775.343043861589
Westwood,2023-11-30,3771.73594790105
Westwood,2023-12-31,3783.2070304066456
Westwood,2024-01-31,3778.737833790368
Westwood,2024-02-29,3813.601353603424
Westwood,2024-03-31,3847.7313278060938
Westwood,2024-04-30,3886.019689345384
Westwood,2024-05-31,3925.182149283018
Westwood,2024-06-30,3917.4412163111456
Westwood,2024-07-31,3913.5784014695378
Westwood,2024-08-31,3892.837478300181
Westwood,2024-09-30,3882.5294165750392
Westwood,2024-10-31,3844.3647651686247
Westwood,2024-11-30,3856.78021683654
Westwood,2024-12-31,3870.23580483013
Westwood,2025-01-31,3967.9496740203554
Westwood,2025-02-28,4025.6962700806616
Westwood,2025-03-31,4073.8095794322994
Westwood,2025-04-30,4025.3164985607614
Westwood,2025-05-31,4036.655614152271
Westwood,2025-06-30,4001.832791063191
Westwood,2025-07-31,4010.4886859118697
Westwood,2025-08-31,3995.244312695052
Westwood,2025-09-30,3966.5463232017873
Westwood,2025-10-31,3950.711899362559
Westwood,2025-11-30,3920.4643754124127
Westwood,2025-12-31,3964.161332164548
Westwood,2026-01-31,3999.8137480798778
