Neighborhood,Date,Rent,predicted_rent,residual,fold
Beverly Hills,2022-01-31,6427.592950858009,6480.732199311553,-53.13924845354359,2
Beverly Hills,2022-02-28,6487.461965662876,6495.823353414642,-8.361387751766415,2
Beverly Hills,2022-03-31,6472.219528530437,6504.1095121208555,-31.889983590418524,2
Beverly Hills,2022-04-30,6698.27462756283,6516.520894258857,181.7537333039727,2
Beverly Hills,2022-05-31,6803.122365552481,6539.08292858616,264.03943696632086,2
Beverly Hills,2022-06-30,6913.100707151772,6571.551752713854,341.54895443791884,2
Beverly Hills,2022-07-31,6771.818261085311,6608.579172265326,163.23908881998523,2
Beverly Hills,2022-08-31,6689.6126695706935,6637.607351953583,52.00531761711045,2
Beverly Hills,2022-09-30,6687.948775787868,6656.124587675034,31.824188112834236,2
Beverly Hills,2022-10-31,6835.9453443163175,6663.076887770057,172.86845654626086,2
Beverly Hills,2022-11-30,6768.7167377804535,6661.190174176238,107.52656360421588,2
Beverly Hills,2022-12-31,6649.243997332576,6650.103483190567,-0.859485857990876,2
Boyle Heights,2022-01-31,1960.3910094642492,1994.6334262914145,-34.24241682716524,2
Boyle Heights,2022-02-28,1952.4089698903033,1991.9902087389987,-39.58123884869542,2
Boyle Heights,2022-03-31,1973.8012686365496,1989.4716897779833,-15.670421141433735,2
Boyle Heights,2022-04-30,2004.743362478534,1989.1419709144827,15.601391564051255,2
Boyle Heights,2022-05-31,2071.9910380424244,1990.7801173980758,81.21092064434856,2
Boyle Heights,2022-06-30,2102.821342370116,1993.9813231548856,108.84001921523031,2
Boyle Heights,2022-07-31,2132.4308707317887,1997.5941630144011,134.83670771738753,2
Boyle Heights,2022-08-31,2170.6302015002298,2000.9375542927019,169.6926472075279,2
Boyle Heights,2022-09-30,2206.914636911835,2002.993128677806,203.9215082340288,2
Boyle Heights,2022-10-31,2238.083543729985,2003.5428535953797,234.54069013460548,2
Boyle Heights,2022-11-30,2198.521638650708,2003.056174495767,195.46546415494117,2
Boyle Heights,2022-12-31,2201.6797550076626,2001.594322017704,200.0854329899587,2
Brentwood,2022-01-31,3417.459465573401,3418.4356998821204,-0.9762343087195404,2
Brentwood,2022-02-28,3426.7158462295874,3416.0737149827573,10.642131246830104,2
Brentwood,2022-03-31,3425.2536084989583,3411.1738350981645,14.079773400793783,2
Brentwood,2022-04-30,3463.9723703531904,3409.443127506185,54.52924284700521,2
Brentwood,2022-05-31,3494.803308039533,3413.312064104769,81.49124393476404,2
Brentwood,2022-06-30,3562.1106307379105,3422.1245609465373,139.9860697913732,2
Brentwood,2022-07-31,3609.1535771856643,3433.210710377085,175.9428668085793,2
Brentwood,2022-08-31,3648.073949838409,3444.4544749965034,203.61947484190569,2
Brentwood,2022-09-30,3657.1852168186724,3451.7474411053536,205.43777571331884,2
Brentwood,2022-10-31,3638.144947474847,3454.6108405517234,183.53410692312355,2
Brentwood,2022-11-30,3619.342155196528,3452.5852336906983,166.75692150582972,2
Brentwood,2022-12-31,3631.566583143515,3445.9305010845305,185.63608205898436,2
Culver City,2022-01-31,2941.767476370976,2949.106195919807,-7.338719548830795,2
Culver City,2022-02-28,2963.41282010807,2949.6109557629534,13.801864345116428,2
Culver City,2022-03-31,3005.3143086115997,2947.6879031526346,57.62640545896511,2
Culver City,2022-04-30,3046.8135318333816,2947.5906588271832,99.22287300619837,2
Culver City,2022-05-31,3089.5960522090018,2950.675685363935,138.92036684506684,2
Culver City,2022-06-30,3138.4167147786193,2956.7456031621405,181.6711116164788,2
Culver City,2022-07-31,3126.1533199857818,2964.1132249820585,162.0400950037233,2
Culver City,2022-08-31,3138.695409571168,2971.3618625336812,167.33354703748682,2
Culver City,2022-09-30,3125.9324586449065,2975.63725935173,150.29519929317667,2
Culver City,2022-10-31,3111.6865696992245,2976.441167457587,135.2454022416373,2
Culver City,2022-11-30,3081.2167587519984,2973.781341824215,107.43541692778354,2
Culver City,2022-12-31,3051.484569903184,2967.913262916896,83.57130698628771,2
Downtown LA,2022-01-31,2660.2642801864126,2596.314217615974,63.950062570438604,2
Downtown LA,2022-02-28,2672.1737627998014,2601.6223484033917,70.55141439640965,2
Downtown LA,2022-03-31,2663.3788880310135,2604.148039172685,59.2308488583285,2
Downtown LA,2022-04-30,2669.7815703775327,2605.7543409432683,64.02722943426443,2
Downtown LA,2022-05-31,2671.225955965792,2607.574876523835,63.65107944195688,2
Downtown LA,2022-06-30,2653.8446191654857,2610.023826042043,43.820793123442854,2
Downtown LA,2022-07-31,2669.7335088772793,2612.7970400855274,56.93646879175185,2
Downtown LA,2022-08-31,2665.5120590872048,2615.461978247788,50.05008083941675,2
Downtown LA,2022-09-30,2673.433969385456,2616.915583262799,56.51838612265692,2
Downtown LA,2022-10-31,2660.9609624076556,2616.939731874915,44.02123053274045,2
Downtown LA,2022-11-30,2654.7381112658986,2615.4501658572626,39.287945408636006,2
Downtown LA,2022-12-31,2623.6692389710433,2612.519016747551,11.150222223492165,2
Exposition Park,2022-01-31,2114.1296973502367,2149.046583039638,-34.91688568940117,2
Exposition Park,2022-02-28,2114.1296973502367,2149.804518767183,-35.67482141694609,2
Exposition Park,2022-03-31,2114.1296973502367,2149.9290932947,-35.79939594446341,2
Exposition Park,2022-04-30,2114.1296973502367,2150.100566058262,-35.97086870802514,2
Exposition Park,2022-05-31,2114.1296973502367,2150.3412372213315,-36.21153987109483,2
Exposition Park,2022-06-30,2114.1296973502367,2150.6498185621326,-36.52012121189591,2
Exposition Park,2022-07-31,2128.349698618955,2151.0157344762115,-22.666035857256702,2
Exposition Park,2022-08-31,2131.2401984563276,2151.517496858357,-20.277298402029373,2
Exposition Park,2022-09-30,2160.0479883111007,2151.8784948987604,8.169493412340216,2
Exposition Park,2022-10-31,2181.8119207564027,2152.155314609397,29.656606147005732,2
Exposition Park,2022-11-30,2227.3252966297287,2152.332044710481,74.99325191924754,2
Exposition Park,2022-12-31,2281.2313198735574,2152.5211347772633,128.71018509629403,2
Glassell Park,2022-01-31,2429.888729335725,2447.867396201462,-17.978666865736614,2
Glassell Park,2022-02-28,2486.6593736484265,2442.0727246238425,44.58664902458395,2
Glassell Park,2022-03-31,2551.764917488775,2439.0611106645383,112.70380682423684,2
Glassell Park,2022-04-30,2627.9216963479653,2443.091446166625,184.8302501813405,2
Glassell Park,2022-05-31,2611.565685134146,2452.946785167223,158.61889996692298,2
Glassell Park,2022-06-30,2544.246743840804,2464.561960104638,79.68478373616608,2
Glassell Park,2022-07-31,2551.9795332592034,2473.640493470179,78.33903978902435,2
Glassell Park,2022-08-31,2589.2883382270375,2479.282040609451,110.00629761758637,2
Glassell Park,2022-09-30,2630.0816608158666,2480.80587631385,149.27578450201645,2
Glassell Park,2022-10-31,2643.258285293178,2479.508836332789,163.7494489603887,2
Glassell Park,2022-11-30,2614.0083449358062,2476.0558214434245,137.95252349238172,2
Glassell Park,2022-12-31,2649.4741177403407,2470.5719059236867,178.90221181665402,2
Hancock Park,2022-01-31,2149.117127332937,2140.6879401417946,8.429187191142319,2
Hancock Park,2022-02-28,2147.6066216963172,2140.8470687087993,6.759552987517964,2
Hancock Park,2022-03-31,2159.4073813752652,2139.1436757678393,20.26370560742589,2
Hancock Park,2022-04-30,2186.5399467731568,2138.1791340902255,48.36081268293128,2
Hancock Park,2022-05-31,2213.387590383466,2139.2317779734353,74.15581241003065,2
Hancock Park,2022-06-30,2229.4736517843985,2142.286197464304,87.18745432009428,2
Hancock Park,2022-07-31,2244.0689713255883,2146.3622638273605,97.70670749822784,2
Hancock Park,2022-08-31,2252.209846834627,2150.7388768550877,101.4709699795394,2
Hancock Park,2022-09-30,2254.2509931845934,2153.816642803194,100.43435038139933,2
Hancock Park,2022-10-31,2245.6995373407567,2155.2528880729096,90.44664926784708,2
Hancock Park,2022-11-30,2237.01063349613,2154.9687697133904,82.04186378273971,2
Hancock Park,2022-12-31,2233.6495849012763,2152.9657248554286,80.68386004584772,2
Highland Park,2022-01-31,2415.6281138898635,2462.583322929371,-46.955209039507736,2
Highland Park,2022-02-28,2442.4215330504153,2463.6236192691154,-21.20208621870006,2
Highland Park,2022-03-31,2487.7599603468234,2462.7723554755034,24.987604871319945,2
Highland Park,2022-04-30,2518.154669481496,2463.3910184109245,54.76365107057154,2
Highland Park,2022-05-31,2525.0583062370843,2466.4430709162666,58.615235320817646,2
Highland Park,2022-06-30,2554.8509876906655,2471.7804091137946,83.07057857687096,2
Highland Park,2022-07-31,2592.273848304362,2478.0996450829484,114.17420322141379,2
Highland Park,2022-08-31,2621.3562784606556,2484.2705784915106,137.08569996914503,2
Highland Park,2022-09-30,2619.4456305814624,2488.4849824727085,130.96064810875396,2
Highland Park,2022-10-31,2604.638265625676,2490.7174256209364,113.9208400047396,2
Highland Park,2022-11-30,2584.772802357114,2490.7531601518044,94.01964220530954,2
Highland Park,2022-12-31,2618.1692138586445,2488.501104167334,129.66810969131075,2
Koreatown,2022-01-31,2411.248313719782,2356.806313804601,54.441999915180986,2
Koreatown,2022-02-28,2458.198988325704,2354.4541937792387,103.74479454646507,2
Koreatown,2022-03-31,2500.032511176171,2350.530334807926,149.50217636824482,2
Koreatown,2022-04-30,2528.961208100215,2348.205727531338,180.75548056887692,2
Koreatown,2022-05-31,2522.016425592271,2348.8199837947586,173.1964417975123,2
Koreatown,2022-06-30,2518.812481634227,2352.0007613373073,166.8117202969197,2
Koreatown,2022-07-31,2522.8484499873493,2356.303818757208,166.54463123014148,2
Koreatown,2022-08-31,2536.666070944281,2360.9236190407987,175.7424519034821,2
Koreatown,2022-09-30,2578.369245882357,2363.540452188427,214.82879369393004,2
Koreatown,2022-10-31,2575.2150628491586,2364.1674222418874,211.0476406072712,2
Koreatown,2022-11-30,2543.793200498059,2362.9884869920065,180.8047135060524,2
Koreatown,2022-12-31,2489.887564795816,2360.039920722073,129.84764407374314,2
Leimert Park,2022-01-31,1865.787555698544,1906.5161113309837,-40.728555632439566,2
Leimert Park,2022-02-28,1862.511286480013,1904.4656028529264,-41.954316372913354,2
Leimert Park,2022-03-31,1882.3739443160262,1901.1787277815602,-18.804783465534,2
Leimert Park,2022-04-30,1894.2060334906382,1900.4868742335964,-6.280840742958162,2
Leimert Park,2022-05-31,1944.1162970760795,1902.8201618573748,41.29613521870465,2
Leimert Park,2022-06-30,1971.075206794048,1907.8949970442602,63.180209749787764,2
Leimert Park,2022-07-31,2007.8292951768872,1913.7325975574843,94.0966976194029,2
Leimert Park,2022-08-31,2004.2934085429793,1919.834821232932,84.45858731004728,2
Leimert Park,2022-09-30,2047.8618131764351,1923.9480194628468,123.91379371358835,2
Leimert Park,2022-10-31,2048.9268304461193,1926.2335926388357,122.6932378072836,2
Leimert Park,2022-11-30,2097.5652893840183,1926.3171731797618,171.24811620425658,2
Leimert Park,2022-12-31,2094.117293335329,1924.8686895297456,169.24860380558357,2
Los Feliz,2022-01-31,2445.207475427895,2407.7606890511333,37.44678637676179,2
Los Feliz,2022-02-28,2442.5090705184516,2407.061212215773,35.44785830267847,2
Los Feliz,2022-03-31,2429.0312415714175,2403.8682366711478,25.163004900269698,2
Los Feliz,2022-04-30,2440.9636362268952,2401.729220437336,39.23441578955908,2
Los Feliz,2022-05-31,2483.458872028254,2402.1373974961934,81.32147453206062,2
Los Feliz,2022-06-30,2513.4673898773694,2405.368095614739,108.09929426263034,2
Los Feliz,2022-07-31,2550.7048499296393,2410.201386606376,140.50346332326308,2
Los Feliz,2022-08-31,2558.682354030667,2416.001044256227,142.6813097744398,2
Los Feliz,2022-09-30,2565.5568333511183,2419.901746489983,145.65508686113526,2
Los Feliz,2022-10-31,2540.7696173884133,2421.394181087654,119.37543630075925,2
Los Feliz,2022-11-30,2517.551464573297,2420.3459846575934,97.20547991570356,2
Los Feliz,2022-12-31,2501.594254146186,2416.809132845972,84.78512130021409,2
Mar Vista,2022-01-31,2810.264666524835,2800.9847328760097,9.279933648825136,2
Mar Vista,2022-02-28,2851.573124523207,2796.9796807500416,54.59344377316529,2
Mar Vista,2022-03-31,2860.791511449436,2792.5413761728832,68.25013527655256,2
Mar Vista,2022-04-30,2898.2476315916983,2791.920830186608,106.32680140509046,2
Mar Vista,2022-05-31,2943.746332821666,2796.3301060389613,147.4162267827046,2
Mar Vista,2022-06-30,2955.5890234915205,2804.2037296894587,151.38529380206182,2
Mar Vista,2022-07-31,2986.8394019694906,2812.769882204691,174.06951976479968,2
Mar Vista,2022-08-31,3011.116978160888,2820.6903102411034,190.42666791978445,2
Mar Vista,2022-09-30,3038.303943097575,2825.141919650464,213.1620234471111,2
Mar Vista,2022-10-31,3026.311014211831,2826.0526895586,200.25832465323128,2
Mar Vista,2022-11-30,2999.6136430362358,2823.458038302736,176.15560473349979,2
Mar Vista,2022-12-31,2982.343818854841,2817.7858926016097,164.55792625323147,2
Mid-Wilshire,2022-01-31,2715.1479665788374,2693.1164157998487,22.03155077898873,2
Mid-Wilshire,2022-02-28,2747.656978424917,2698.0894553588355,49.56752306608132,2
Mid-Wilshire,2022-03-31,2772.5945158630557,2700.548897714899,72.04561814815679,2
Mid-Wilshire,2022-04-30,2814.0379058960984,2703.7670903581975,110.27081553790094,2
Mid-Wilshire,2022-05-31,2827.6478092738853,2708.8508379190866,118.79697135479864,2
Mid-Wilshire,2022-06-30,2839.391423012599,2715.2984195310523,124.09300348154648,2
Mid-Wilshire,2022-07-31,2854.1207085099504,2721.9408205104996,132.17988799945078,2
Mid-Wilshire,2022-08-31,2875.0062974151156,2727.315643339066,147.69065407604967,2
Mid-Wilshire,2022-09-30,2873.8297413729556,2730.4901142509075,143.3396271220481,2
Mid-Wilshire,2022-10-31,2859.3778844567005,2731.058050791997,128.3198336647033,2
Mid-Wilshire,2022-11-30,2869.6676261192492,2728.7570831821113,140.91054293713796,2
Mid-Wilshire,2022-12-31,2894.279311590078,2723.893076431908,170.38623515817017,2
Palms,2022-01-31,2396.366446063787,2384.594926559877,11.771519503909985,2
Palms,2022-02-28,2409.480912660792,2380.7309049409123,28.750007719879704,2
Palms,2022-03-31,2421.693341399229,2375.2512578169585,46.4420835822707,2
Palms,2022-04-30,2433.858891414304,2372.4199490825076,61.43894233179617,2
Palms,2022-05-31,2468.036971684721,2373.6658376040596,94.37113408066125,2
Palms,2022-06-30,2508.8123746636256,2378.3462383944234,130.46613626920225,2
Palms,2022-07-31,2546.2517681873696,2384.3034152308924,161.94835295647727,2
Palms,2022-08-31,2572.2468166879785,2390.5818190215887,181.6649976663898,2
Palms,2022-09-30,2584.487794654222,2393.9174185870843,190.57037606713766,2
Palms,2022-10-31,2591.575023542357,2394.2047264837997,197.3702970585573,2
Palms,2022-11-30,2587.9828165409594,2391.5631994151727,196.41961712578677,2
Palms,2022-12-31,2567.890525834184,2386.4599905580376,181.4305352761462,2
Santa Monica,2022-01-31,3223.8869398575603,3237.4001049062545,-13.51316504869419,2
Santa Monica,2022-02-28,3253.067584100112,3229.888378361566,23.17920573854599,2
Santa Monica,2022-03-31,3297.1193445132153,3220.7261871653027,76.39315734791262,2
Santa Monica,2022-04-30,3332.066976424856,3216.810711687861,115.25626473699504,2
Santa Monica,2022-05-31,3353.696574759695,3220.3339747843966,133.3625999752985,2
Santa Monica,2022-06-30,3372.393600057982,3229.2633241660797,143.13027589190233,2
Santa Monica,2022-07-31,3390.977466572401,3239.3479485168773,151.62951805552393,2
Santa Monica,2022-08-31,3398.481140668281,3248.479085865545,150.00205480273598,2
Santa Monica,2022-09-30,3409.4194748006903,3252.2529610225724,157.16651377811786,2
Santa Monica,2022-10-31,3425.800800642592,3250.697251423525,175.1035492190672,2
Santa Monica,2022-11-30,3433.9724949199376,3244.7011485648363,189.2713463551013,2
Santa Monica,2022-12-31,3407.3387298654466,3235.366819131995,171.97191073345175,2
Silver Lake,2022-01-31,2534.7129359638093,2561.4067041536528,-26.693768189843468,2
Silver Lake,2022-02-28,2545.189674069343,2563.391907908231,-18.202233838888333,2
Silver Lake,2022-03-31,2565.388287094889,2563.5769313418523,1.811355753036878,2
Silver Lake,2022-04-30,2612.1509707157384,2565.099698697102,47.051272018636155,2
Silver Lake,2022-05-31,2646.8445236988637,2568.8154672810715,78.02905641779216,2
Silver Lake,2022-06-30,2698.984873663176,2574.20787252939,124.77700113378614,2
Silver Lake,2022-07-31,2701.7377491384964,2580.3469218054493,121.39082733304713,2
Silver Lake,2022-08-31,2719.760103222635,2586.715535317225,133.04456790540962,2
Silver Lake,2022-09-30,2718.362685473818,2591.0583171636126,127.30436831020552,2
Silver Lake,2022-10-31,2715.7840036934053,2593.030909070575,122.7530946228303,2
Silver Lake,2022-11-30,2698.435751672294,2592.339418035232,106.09633363706189,2
Silver Lake,2022-12-31,2671.861268554408,2588.8923455799486,82.96892297445947,2
University Park,2022-01-31,1938.5388795052115,2019.5360512823638,-80.99717177715229,2
University Park,2022-02-28,2060.2538949934547,2016.3698695582214,43.8840254352333,2
University Park,2022-03-31,2123.2285401597815,2016.5843636173302,106.6441765424513,2
University Park,2022-04-30,2133.057256536218,2020.1800322830834,112.87722425313473,2
University Park,2022-05-31,2216.244711950907,2025.576977163127,190.6677347877801,2
University Park,2022-06-30,2134.7535428968085,2031.8536594501372,102.89988344667131,2
University Park,2022-07-31,2146.154824961718,2037.1209850714379,109.0338398902802,2
University Park,2022-08-31,2186.6739163888155,2040.76979089916,145.9041254896556,2
University Park,2022-09-30,2178.69200087601,2042.8994425532437,135.79255832276613,2
University Park,2022-10-31,2250.3693075790297,2043.59079930574,206.77850827328984,2
University Park,2022-11-30,2205.2530500168536,2043.6348329407813,161.61821707607237,2
University Park,2022-12-31,2320.1608607672847,2042.664097676296,277.4967630909887,2
Vermont Square,2022-01-31,1985.8236088128692,1987.0980344001428,-1.2744255872735266,2
Vermont Square,2022-02-28,1984.4667612327326,1986.783272491528,-2.3165112587953445,2
Vermont Square,2022-03-31,1944.8551403619329,1985.7364762093491,-40.88133584741627,2
Vermont Square,2022-04-30,1932.4380802189662,1985.185416924285,-52.74733670531873,2
Vermont Square,2022-05-31,1966.161109121166,1985.5856271192376,-19.42451799807168,2
Vermont Square,2022-06-30,2046.9226117277422,1987.4349663048445,59.487645422897685,2
Vermont Square,2022-07-31,2113.749400536295,1991.00055623136,122.74884430493512,2
Vermont Square,2022-08-31,2107.614521684053,1995.927457863228,111.68706382082519,2
Vermont Square,2022-09-30,2052.5908388649495,2000.0726446114627,52.518194253486854,2
Vermont Square,2022-10-31,2066.699631294228,2002.0006126528629,64.699018641365,2
Vermont Square,2022-11-30,2116.021583784848,2001.7921544376518,114.2294293471964,2
Vermont Square,2022-12-31,2207.4301037693144,2000.2151953583818,207.2149084109326,2
West Adams,2022-01-31,2584.0242845669613,2618.176216078809,-34.15193151184758,2
West Adams,2022-02-28,2620.430273689613,2624.6939452229713,-4.26367153335832,2
West Adams,2022-03-31,2623.418816178936,2627.652950079837,-4.234133900900815,2
West Adams,2022-04-30,2631.8516783811183,2629.175971066983,2.675707314135252,2
West Adams,2022-05-31,2671.3966903846986,2630.690368120367,40.70632226433145,2
West Adams,2022-06-30,2667.507161096931,2633.2789394187525,34.22822167817867,2
West Adams,2022-07-31,2716.7843960841597,2636.974631290128,79.80976479403171,2
West Adams,2022-08-31,2723.9077142742212,2640.9371376504077,82.97057662381349,2
West Adams,2022-09-30,2738.6196573740413,2644.329069916032,94.29058745800921,2
West Adams,2022-10-31,2748.9151112518643,2646.6538167514777,102.26129450038661,2
West Adams,2022-11-30,2777.0236629425744,2647.7257657842124,129.29789715836205,2
West Adams,2022-12-31,2807.0384138761297,2648.221750763691,158.81666311243862,2
West Hollywood,2022-01-31,2950.5384204632996,2932.197194015615,18.341226447684676,2
West Hollywood,2022-02-28,2981.964873634221,2934.3166077923324,47.64826584188859,2
West Hollywood,2022-03-31,3000.843078806697,2933.608052439714,67.23502636698322,2
West Hollywood,2022-04-30,3011.390524962617,2934.0509512571343,77.33957370548251,2
West Hollywood,2022-05-31,3007.0683671278753,2937.2139513812817,69.85441574659353,2
West Hollywood,2022-06-30,3027.2317395270443,2942.8936878604213,84.33805166662296,2
West Hollywood,2022-07-31,3063.8247924083244,2949.846936424289,113.97785598403516,2
West Hollywood,2022-08-31,3073.7543336819426,2957.296515708908,116.45781797303471,2
West Hollywood,2022-09-30,3067.563236667542,2962.2655838382266,105.29765282931521,2
West Hollywood,2022-10-31,3061.87570537367,2964.3012931095113,97.57441226415858,2
West Hollywood,2022-11-30,3057.2838414727353,2963.3735123956335,93.91032907710178,2
West Hollywood,2022-12-31,3062.3846136760376,2959.5048731288293,102.87974054720826,2
Westwood,2022-01-31,3508.330216806613,3527.7671020555713,-19.436885248958333,2
Westwood,2022-02-28,3530.192823980825,3523.3313570654236,6.861466915401252,2
Westwood,2022-03-31,3568.039320552531,3518.995546400045,49.043774152486094,2
Westwood,2022-04-30,3620.8008959798544,3519.703802688107,101.09709329174757,2
Westwood,2022-05-31,3675.7793765971346,3525.6614574912683,150.11791910586635,2
Westwood,2022-06-30,3710.5805563762947,3534.21016740672,176.37038896957483,2
Westwood,2022-07-31,3735.7770021984534,3542.1829960204914,193.594006177962,2
Westwood,2022-08-31,3765.9606431836396,3548.1435589001812,217.81708428345837,2
Westwood,2022-09-30,3765.3217535571766,3550.0264070138423,215.2953465433343,2
Westwood,2022-10-31,3760.386000132062,3548.3407741352594,212.0452259968024,2
Westwood,2022-11-30,3712.0332432885557,3543.5958365338793,168.43740675467643,2
Westwood,2022-12-31,3681.3255714311476,3536.468954238375,144.85661719277277,2
Beverly Hills,2023-01-31,6608.8561652385,6816.810921734761,-207.95475649626133,3
Beverly Hills,2023-02-28,6832.875795684275,6803.8503569198565,29.02543876441814,3
Beverly Hills,2023-03-31,6877.871333638483,6796.122026110275,81.74930752820728,3
Beverly Hills,2023-04-30,6783.206543505062,6792.957942216709,-9.751398711647198,3
Beverly Hills,2023-05-31,6747.903675904856,6790.319503649217,-42.415827744361195,3
Beverly Hills,2023-06-30,6783.805811242935,6787.490896858597,-3.685085615661592,3
Beverly Hills,2023-07-31,6902.614917148641,6784.957830846157,117.65708630248446,3
Beverly Hills,2023-08-31,6901.230151864603,6785.288138779631,115.94201308497213,3
Beverly Hills,2023-09-30,7026.903612130659,6786.518374503171,240.3852376274881,3
Beverly Hills,2023-10-31,7076.799496133874,6788.568978045451,288.2305180884223,3
Beverly Hills,2023-11-30,6987.181984194851,6789.412923131386,197.7690610634645,3
Beverly Hills,2023-12-31,6890.400894832481,6790.108998037314,100.2918967951664,3
Boyle Heights,2023-01-31,2141.613118417913,2165.073769039069,-23.460650621155764,3
Boyle Heights,2023-02-28,2138.1609931550283,2158.7995387281535,-20.638545573125157,3
Boyle Heights,2023-03-31,2123.824025625747,2153.4860711722495,-29.662045546502668,3
Boyle Heights,2023-04-30,2143.2450832664426,2149.6700262198583,-6.424942953415666,3
Boyle Heights,2023-05-31,2181.4114954430397,2148.2863900256616,33.12510541737811,3
Boyle Heights,2023-06-30,2139.5378065970804,2148.3483963369154,-8.810589739834995,3
Boyle Heights,2023-07-31,2136.9533554720692,2149.4201699655678,-12.466814493498532,3
Boyle Heights,2023-08-31,2172.52661527208,2151.136173918529,21.39044135355107,3
Boyle Heights,2023-09-30,2213.161080205895,2153.2817210389912,59.87935916690367,3
Boyle Heights,2023-10-31,2216.9464148586094,2155.6085380778,61.33787678080944,3
Boyle Heights,2023-11-30,2273.085739703163,2157.1935852923825,115.89215441078068,3
Boyle Heights,2023-12-31,2319.9046574498357,2158.3980886251684,161.50656882466728,3
Brentwood,2023-01-31,3663.3153768457873,3605.1524780444547,58.16289880133263,3
Brentwood,2023-02-28,3669.156596365506,3596.816837176098,72.33975918940814,3
Brentwood,2023-03-31,3678.4112715651927,3590.337615423935,88.07365614125774,3
Brentwood,2023-04-30,3631.0616853308084,3586.592771457903,44.46891387290543,3
Brentwood,2023-05-31,3666.6705265856663,3584.5777061268636,82.09282045880263,3
Brentwood,2023-06-30,3704.319522762297,3583.7859350267604,120.53358773553646,3
Brentwood,2023-07-31,3750.666564145417,3583.790021662297,166.87654248311992,3
Brentwood,2023-08-31,3766.400464973304,3584.3292637512723,182.07120122203196,3
Brentwood,2023-09-30,3754.1960942283636,3584.9035736435158,169.2925205848478,3
Brentwood,2023-10-31,3771.66098172293,3585.600797852912,186.06018387001814,3
Brentwood,2023-11-30,3725.9222301607974,3586.645588928893,139.27664123190425,3
Brentwood,2023-12-31,3753.1543187095563,3587.5213175852564,165.63300112429988,3
Culver City,2023-01-31,3075.479007477434,3112.905657953557,-37.42665047612263,3
Culver City,2023-02-28,3104.71141961674,3108.068108710539,-3.3566890937991047,3
Culver City,2023-03-31,3156.3420276178686,3103.896291011792,52.44573660607648,3
Culver City,2023-04-30,3165.440244289469,3100.998500455517,64.44174383395193,3
Culver City,2023-05-31,3172.8616811407737,3099.3482776232463,73.51340351752742,3
Culver City,2023-06-30,3167.5456074244635,3098.640074412048,68.90553301241562,3
Culver City,2023-07-31,3167.477554465084,3098.705753178866,68.77180128621785,3
Culver City,2023-08-31,3202.628230594194,3099.466708997383,103.16152159681087,3
Culver City,2023-09-30,3222.6924488140285,3100.6381869214356,122.05426189259288,3
Culver City,2023-10-31,3220.274169267681,3102.1691074809282,118.10506178675269,3
Culver City,2023-11-30,3165.2739785364392,3103.888420400836,61.38555813560333,3
Culver City,2023-12-31,3108.6296757181635,3105.443639393786,3.18603632437771,3
Downtown LA,2023-01-31,2617.8107909099513,2638.4828213675023,-20.672030457551045,3
Downtown LA,2023-02-28,2617.8420701724453,2638.0249930163177,-20.182922843872348,3
Downtown LA,2023-03-31,2633.6937154954876,2636.8482654588274,-3.154549963339832,3
Downtown LA,2023-04-30,2640.362274847153,2635.580738334034,4.781536513119136,3
Downtown LA,2023-05-31,2651.494457638329,2634.492747759027,17.00170987930187,3
Downtown LA,2023-06-30,2637.0967578204904,2633.7561365148217,3.3406213056687193,3
Downtown LA,2023-07-31,2624.2829659951876,2633.512063977774,-9.229097982586154,3
Downtown LA,2023-08-31,2602.021684468233,2633.6928053390116,-31.671120870778395,3
Downtown LA,2023-09-30,2578.756647675537,2634.1417678494136,-55.38512017387666,3
Downtown LA,2023-10-31,2546.238229340253,2634.6868140729916,-88.44858473273871,3
Downtown LA,2023-11-30,2512.0888742369402,2635.1723923748673,-123.08351813792706,3
Downtown LA,2023-12-31,2496.9290558759535,2635.4794490496447,-138.5503931736912,3
Exposition Park,2023-01-31,2253.2147002905403,2237.144758420785,16.06994186975544,3
Exposition Park,2023-02-28,2227.9211514268027,2225.837813926839,2.083337499963818,3
Exposition Park,2023-03-31,2203.2924705233663,2216.3519101819156,-13.059439658549309,3
Exposition Park,2023-04-30,2252.048212479389,2210.262068040333,41.78614443905599,3
Exposition Park,2023-05-31,2251.043465862855,2208.8740700050134,42.169395857841664,3
Exposition Park,2023-06-30,2278.9931324582662,2211.2844025834083,67.70872987485791,3
Exposition Park,2023-07-31,2284.2221356297146,2216.7403264560867,67.48180917362788,3
Exposition Park,2023-08-31,2329.674381898041,2223.9965185016335,105.67786339640725,3
Exposition Park,2023-09-30,2328.234602569806,2232.449707943555,95.78489462625112,3
Exposition Park,2023-10-31,2345.502815097368,2240.3881156943926,105.11469940297548,3
Exposition Park,2023-11-30,2358.84333517304,2247.3319922968253,111.51134287621471,3
Exposition Park,2023-12-31,2375.1750191729166,2252.276498108169,122.89852106474746,3
Glassell Park,2023-01-31,2629.8753516395163,2610.8722975633964,19.003054076119952,3
Glassell Park,2023-02-28,2631.7465149516443,2607.1467390616485,24.599775889995726,3
Glassell Park,2023-03-31,2637.1228356054908,2604.2191664252996,32.90366918019117,3
Glassell Park,2023-04-30,2660.7909877079023,2602.5733304813884,58.21765722651389,3
Glassell Park,2023-05-31,2698.1711258604864,2601.904725364695,96.26640049579146,3
Glassell Park,2023-06-30,2662.3031117836863,2602.276261465126,60.026850318560264,3
Glassell Park,2023-07-31,2682.3797869821838,2603.4920665477675,78.88772043441622,3
Glassell Park,2023-08-31,2669.4538955857947,2604.9527805881407,64.50111499765399,3
Glassell Park,2023-09-30,2693.776469269103,2605.998788183279,87.77768108582404,3
Glassell Park,2023-10-31,2697.6290105583153,2606.455263521668,91.17374703664746,3
Glassell Park,2023-11-30,2733.3959158846505,2606.572069939109,126.8238459455415,3
Glassell Park,2023-12-31,2743.0274662968586,2606.587274633144,136.4401916637148,3
Hancock Park,2023-01-31,2257.259640336426,2210.076311897134,47.18332843929193,3
Hancock Park,2023-02-28,2271.2628951979545,2207.132647409049,64.13024778890576,3
Hancock Park,2023-03-31,2295.1625832210457,2204.6010981631043,90.56148505794135,3
Hancock Park,2023-04-30,2290.6672012031586,2203.109168226044,87.55803297711464,3
Hancock Park,2023-05-31,2290.3170504656155,2202.6075634582094,87.7094870074061,3
Hancock Park,2023-06-30,2269.9575007792,2202.696160081074,67.26134069812588,3
Hancock Park,2023-07-31,2258.8173130115424,2203.1001949215793,55.71711808996315,3
Hancock Park,2023-08-31,2269.490003423566,2203.59554936961,65.894454053956,3
Hancock Park,2023-09-30,2278.1571676670796,2204.048313828563,74.10885383851655,3
Hancock Park,2023-10-31,2258.6376550588298,2204.42127048506,54.216384573769574,3
Hancock Park,2023-11-30,2248.837766093248,2204.5326767165607,44.30508937668719,3
Hancock Park,2023-12-31,2245.248126994772,2204.3862037557706,40.8619232390015,3
Highland Park,2023-01-31,2635.039836414707,2589.7179991368002,45.32183727790698,3
Highland Park,2023-02-28,2670.5159660363674,2586.859697895427,83.65626814094048,3
Highland Park,2023-03-31,2642.5825685087416,2584.9504549878607,57.63211352088092,3
Highland Park,2023-04-30,2675.7059879917692,2583.8729020646533,91.83308592711592,3
Highland Park,2023-05-31,2693.5584657445597,2583.482082242597,110.07638350196294,3
Highland Park,2023-06-30,2736.236039983854,2583.552653683571,152.68338630028302,3
Highland Park,2023-07-31,2732.9666568169905,2584.1655299808026,148.8011268361879,3
Highland Park,2023-08-31,2742.0672115165194,2584.826044040739,157.24116747578046,3
Highland Park,2023-09-30,2728.57931360102,2585.3924569328624,143.18685666815782,3
Highland Park,2023-10-31,2710.123989487333,2585.6955086031508,124.42848088418214,3
Highland Park,2023-11-30,2679.228904674898,2585.860724041884,93.36818063301371,3
Highland Park,2023-12-31,2667.679661825513,2585.9123390096233,81.76732281588966,3
Koreatown,2023-01-31,2478.1947498685654,2496.1424740236826,-17.947724155117157,3
Koreatown,2023-02-28,2489.504023839947,2495.517030543266,-6.013006703319206,3
Koreatown,2023-03-31,2510.8053420234137,2494.769430611331,16.035911412082896,3
Koreatown,2023-04-30,2537.003386197091,2493.9737684974866,43.02961769960439,3
Koreatown,2023-05-31,2541.879115112448,2493.170263088553,48.708852023894906,3
Koreatown,2023-06-30,2546.456400910657,2492.418821855022,54.03757905563498,3
Koreatown,2023-07-31,2535.4140974001284,2491.755347958416,43.65874944171219,3
Koreatown,2023-08-31,2528.2153987351585,2491.2284392203082,36.98695951485024,3
Koreatown,2023-09-30,2503.794025417126,2490.803623402281,12.990402014844676,3
Koreatown,2023-10-31,2483.7167509952983,2490.3273632204628,-6.610612225164459,3
Koreatown,2023-11-30,2470.9900520393517,2489.8414921326616,-18.851440093309975,3
Koreatown,2023-12-31,2461.8956748632468,2489.3890296559434,-27.493354792696664,3
Leimert Park,2023-01-31,2103.8194430903295,2039.5608487725956,64.25859431773392,3
Leimert Park,2023-02-28,2075.90644357356,2031.5799831563909,44.32646041716907,3
Leimert Park,2023-03-31,2065.3479306519525,2024.448679644213,40.89925100773962,3
Leimert Park,2023-04-30,2065.123947405638,2019.620196451974,45.50375095366394,3
Leimert Park,2023-05-31,2051.285726091808,2018.0599693819147,33.2257567098934,3
Leimert Park,2023-06-30,2075.4967627828705,2018.662556011017,56.83420677185359,3
Leimert Park,2023-07-31,2081.548888071635,2021.1556723210529,60.39321575058193,3
Leimert Park,2023-08-31,2102.9295977694796,2024.2340746113782,78.69552315810142,3
Leimert Park,2023-09-30,2094.257583086007,2027.651789880125,66.60579320588181,3
Leimert Park,2023-10-31,2094.943901853147,2030.257839350282,64.68606250286507,3
Leimert Park,2023-11-30,2123.32571097916,2032.1780307896186,91.14768018954123,3
Leimert Park,2023-12-31,2140.4380999594036,2032.642610542196,107.79548941720759,3
Los Feliz,2023-01-31,2507.9842622407896,2521.0715632778165,-13.087301037026918,3
Los Feliz,2023-02-28,2511.0169769306854,2515.3424107905375,-4.325433859852183,3
Los Feliz,2023-03-31,2555.429011918303,2509.8948661996205,45.53414571868234,3
Los Feliz,2023-04-30,2565.7685186426634,2506.160882590866,59.60763605179727,3
Los Feliz,2023-05-31,2586.847851151464,2504.2843752410936,82.56347591037047,3
Los Feliz,2023-06-30,2576.2533356476156,2503.793396610008,72.45993903760746,3
Los Feliz,2023-07-31,2597.902717900204,2504.232127908794,93.67058999141,3
Los Feliz,2023-08-31,2591.633717239573,2505.2866932886623,86.34702395091062,3
Los Feliz,2023-09-30,2608.5296058511453,2506.625763679468,101.9038421716773,3
Los Feliz,2023-10-31,2595.313998427823,2508.1442200609913,87.1697783668319,3
Los Feliz,2023-11-30,2610.6073046157703,2509.644894062966,100.96241055280416,3
Los Feliz,2023-12-31,2596.086590180004,2511.039364912576,85.04722526742808,3
Mar Vista,2023-01-31,2999.601079120439,2977.90652116408,21.69455795635895,3
Mar Vista,2023-02-28,3035.0483690776528,2974.6268072011044,60.42156187654837,3
Mar Vista,2023-03-31,3052.501661892348,2972.1868048301576,80.31485706219019,3
Mar Vista,2023-04-30,3043.333904253818,2970.71666203383,72.61724221998838,3
Mar Vista,2023-05-31,3020.869546817526,2969.810419948171,51.05912686935517,3
Mar Vista,2023-06-30,3029.2303261708585,2968.953401308827,60.27692486203159,3
Mar Vista,2023-07-31,3044.883952034786,2968.222946389804,76.6610056449822,3
Mar Vista,2023-08-31,3055.53568290921,2967.6994414547744,87.83624145443582,3
Mar Vista,2023-09-30,3065.793879517867,2967.1472244258825,98.64665509198448,3
Mar Vista,2023-10-31,3073.7409108860647,2966.5715197136788,107.16939117238599,3
Mar Vista,2023-11-30,3060.562414429841,2965.977906355369,94.58450807447161,3
Mar Vista,2023-12-31,3044.1958876663402,2965.4718667831257,78.72402088321451,3
Mid-Wilshire,2023-01-31,2893.076475802001,2815.7904329348585,77.28604286714244,3
Mid-Wilshire,2023-02-28,2881.9750895327843,2813.5023055412994,68.4727839914849,3
Mid-Wilshire,2023-03-31,2861.1299613070937,2811.256709693702,49.87325161339186,3
Mid-Wilshire,2023-04-30,2866.8750964247165,2809.448212986228,57.4268834384884,3
Mid-Wilshire,2023-05-31,2850.2922391096563,2808.093523034644,42.19871607501227,3
Mid-Wilshire,2023-06-30,2846.609563211979,2807.141172053905,39.468391158074155,3
Mid-Wilshire,2023-07-31,2833.9488144775264,2806.5641206052246,27.384693872301796,3
Mid-Wilshire,2023-08-31,2840.921174338003,2806.2894156637476,34.63175867425525,3
Mid-Wilshire,2023-09-30,2841.068307151012,2806.143397066947,34.92491008406523,3
Mid-Wilshire,2023-10-31,2829.4460641960122,2806.157600509922,23.28846368609038,3
Mid-Wilshire,2023-11-30,2795.3758423538434,2806.137747202942,-10.761904849098755,3
Mid-Wilshire,2023-12-31,2751.9707227479466,2805.8311013968346,-53.860378648887945,3
Palms,2023-01-31,2563.093067157751,2530.2957098521038,32.79735730564744,3
Palms,2023-02-28,2561.920353569679,2524.7834256074425,37.136927962236314,3
Palms,2023-03-31,2596.0604488971826,2520.3075570089673,75.75289188821534,3
Palms,2023-04-30,2595.6141698329507,2517.47900471374,78.1351651192108,3
Palms,2023-05-31,2605.757481044438,2516.2410553973764,89.51642564706162,3
Palms,2023-06-30,2598.216655598723,2515.7395540168036,82.47710158191921,3
Palms,2023-07-31,2610.4143778260927,2515.5626742471463,94.8517035789464,3
Palms,2023-08-31,2612.0822161219635,2515.548465655739,96.53375046622432,3
Palms,2023-09-30,2624.3358153887634,2515.4926078728704,108.84320751589303,3
Palms,2023-10-31,2612.880296058118,2515.4627436970113,97.41755236110657,3
Palms,2023-11-30,2597.240391948608,2515.1844478710505,82.05594407755734,3
Palms,2023-12-31,2577.056038372515,2514.541289722635,62.51474864987995,3
Santa Monica,2023-01-31,3408.2554747126715,3377.5043155982007,30.751159114470738,3
Santa Monica,2023-02-28,3432.319391834203,3370.646669290143,61.67272254405998,3
Santa Monica,2023-03-31,3471.6081255115514,3365.1212199823863,106.48690552916514,3
Santa Monica,2023-04-30,3452.8140234692924,3361.801635512957,91.01238795633526,3
Santa Monica,2023-05-31,3433.112620084251,3360.4565500230174,72.65607006123355,3
Santa Monica,2023-06-30,3426.48502368334,3360.4456828090533,66.03934087428661,3
Santa Monica,2023-07-31,3458.2288348733437,3361.3129243618987,96.91591051144496,3
Santa Monica,2023-08-31,3471.634588222478,3362.781186848579,108.85340137389903,3
Santa Monica,2023-09-30,3487.2948704993955,3364.3034327430887,122.99143775630682,3
Santa Monica,2023-10-31,3462.342493328523,3365.5341545206893,96.80833880783348,3
Santa Monica,2023-11-30,3446.1010828664084,3366.0245342854305,80.07654858097794,3
Santa Monica,2023-12-31,3427.260971495798,3365.716781186129,61.54419030966892,3
Silver Lake,2023-01-31,2667.6027613863603,2686.4156774562543,-18.812916069894072,3
Silver Lake,2023-02-28,2681.2118062172876,2681.639512353829,-0.4277061365414738,3
Silver Lake,2023-03-31,2712.926561935205,2677.2700197347144,35.65654220049055,3
Silver Lake,2023-04-30,2725.4301479254177,2674.0593329988887,51.370814926528965,3
Silver Lake,2023-05-31,2731.3083298354773,2672.2808628173175,59.02746701815977,3
Silver Lake,2023-06-30,2750.142056049961,2671.4119476421674,78.73010840779352,3
Silver Lake,2023-07-31,2773.6105349393947,2671.2592524984657,102.35128244092903,3
Silver Lake,2023-08-31,2785.8970612573585,2671.873501927391,114.02355932996761,3
Silver Lake,2023-09-30,2783.402490248948,2672.401480000779,111.00101024816922,3
Silver Lake,2023-10-31,2785.133055078339,2673.2176948183583,111.91536025998084,3
Silver Lake,2023-11-30,2767.559887801256,2673.9727427710227,93.58714503023339,3
Silver Lake,2023-12-31,2747.5828165412513,2674.549949367749,73.03286717350238,3
University Park,2023-01-31,2304.754899795305,2244.6353544968424,60.119545298462526,3
University Park,2023-02-28,2340.74326173831,2242.4194656309996,98.3237961073105,3
University Park,2023-03-31,2356.1793267020744,2239.841063099386,116.33826360268858,3
University Park,2023-04-30,2343.878391706221,2237.5161782044656,106.36221350175538,3
University Park,2023-05-31,2360.3672359120797,2236.038024196109,124.32921171597081,3
University Park,2023-06-30,2349.568432741569,2234.849864285079,114.71856845648972,3
University Park,2023-07-31,2371.3061461031766,2235.062182227135,136.24396387604156,3
University Park,2023-08-31,2359.854432993207,2236.0844147716834,123.77001822152351,3
University Park,2023-09-30,2348.515541264211,2237.3544814838892,111.16105978032192,3
University Park,2023-10-31,2360.9848540964645,2238.918246057117,122.06660803934756,3
University Park,2023-11-30,2382.0120434166897,2240.146645427753,141.86539798893682,3
University Park,2023-12-31,2377.0838802910625,2241.5840798589875,135.49980043207506,3
Vermont Square,2023-01-31,2224.238521148255,2131.322072557587,92.9164485906681,3
Vermont Square,2023-02-28,2223.3297430196017,2125.0550535449147,98.27468947468697,3
Vermont Square,2023-03-31,2179.656404956556,2120.2997228972768,59.35668205927914,3
Vermont Square,2023-04-30,2208.835180334144,2118.5557844809746,90.27939585316926,3
Vermont Square,2023-05-31,2213.627199655046,2119.54835995702,94.07883969802606,3
Vermont Square,2023-06-30,2254.2255907562358,2121.622683008488,132.60290774774785,3
Vermont Square,2023-07-31,2230.3874907515615,2123.6790442892693,106.70844646229216,3
Vermont Square,2023-08-31,2262.118533865786,2124.8939744531344,137.22455941265162,3
Vermont Square,2023-09-30,2263.4157456627495,2126.3365848453022,137.07916081744725,3
Vermont Square,2023-10-31,2342.6357009317976,2128.8368895139806,213.79881141781698,3
Vermont Square,2023-11-30,2330.4876248735313,2131.6122929035946,198.87533196993672,3
Vermont Square,2023-12-31,2347.6831065572187,2133.5593995124937,214.12370704472505,3
West Adams,2023-01-31,2780.8769328085336,2717.9775499565985,62.899382851935115,3
West Adams,2023-02-28,2775.8900573986953,2715.155628065188,60.73442933350725,3
West Adams,2023-03-31,2775.060465299596,2712.8420732232908,62.21839207630546,3
West Adams,2023-04-30,2808.8237395886526,2711.6955350753797,97.12820451327298,3
West Adams,2023-05-31,2806.9349266709837,2711.679556403,95.25537026798384,3
West Adams,2023-06-30,2800.2797288579063,2711.7928938811124,88.48683497679394,3
West Adams,2023-07-31,2792.1881515818177,2712.0646763624395,80.12347521937818,3
West Adams,2023-08-31,2805.310119529847,2711.9953057821044,93.31481374774239,3
West Adams,2023-09-30,2812.4336602411354,2711.8024606455533,100.63119959558207,3
West Adams,2023-10-31,2824.29979750455,2711.5528149055153,112.74698259903471,3
West Adams,2023-11-30,2827.6624064174166,2711.2156573361003,116.44674908131628,3
West Adams,2023-12-31,2827.669949062848,2710.4196346244253,117.25031443842272,3
West Hollywood,2023-01-31,3060.113219266873,3057.0897195526773,3.023499714195623,3
West Hollywood,2023-02-28,3094.0764744698695,3054.689080908605,39.387393561264616,3
West Hollywood,2023-03-31,3111.9708742680423,3052.40042351006,59.570450757982144,3
West Hollywood,2023-04-30,3131.2342893650152,3050.7131899198876,80.52109944512767,3
West Hollywood,2023-05-31,3136.8140988749615,3049.582698385878,87.23140048908363,3
West Hollywood,2023-06-30,3126.9194912714283,3049.062027884542,77.85746338688614,3
West Hollywood,2023-07-31,3138.5152061400677,3049.0479838311444,89.46722230892328,3
West Hollywood,2023-08-31,3124.910692670053,3049.4253295345034,75.4853631355495,3
West Hollywood,2023-09-30,3124.6800245694462,3049.991491085753,74.68853348369339,3
West Hollywood,2023-10-31,3116.827621916141,3050.740280095679,66.08734182046237,3
West Hollywood,2023-11-30,3102.789556104451,3051.650557464843,51.13899863960796,3
West Hollywood,2023-12-31,3099.3163911138327,3052.6264913921364,46.68989972169629,3
Westwood,2023-01-31,3684.0508375611857,3717.739575381909,-33.68873782072342,3
Westwood,2023-02-28,3705.374068419799,3713.6401650505936,-8.266096630794436,3
Westwood,2023-03-31,3770.817015977415,3711.1389152846555,59.67810069275947,3
Westwood,2023-04-30,3782.315755943401,3710.137731898147,72.178024045254,3
Westwood,2023-05-31,3793.335353334257,3710.0468380768234,83.28851525743357,3
Westwood,2023-06-30,3785.8712245254164,3710.5072260228176,75.36399850259886,3
Westwood,2023-07-31,3784.6253355354384,3711.099565887562,73.52576964787613,3
Westwood,2023-08-31,3776.432273521525,3711.7407063981177,64.69156712340737,3
Westwood,2023-09-30,3761.102537044814,3712.222752942324,48.87978410249025,3
Westwood,2023-10-31,3775.3430427784306,3712.2962886684372,63.046754109993344,3
Westwood,2023-11-30,3771.735951730583,3712.035112179545,59.700839551037916,3
Westwood,2023-12-31,3783.2070321099277,3711.5045237590493,71.70250835087836,3
Beverly Hills,2024-01-31,6853.813054268003,7263.270718611536,-409.457664343533,4
Beverly Hills,2024-02-29,6891.078395322493,7250.53420436226,-359.4558090397677,4
Beverly Hills,2024-03-31,7033.620232691921,7245.196853931905,-211.57662123998398,4
Beverly Hills,2024-04-30,7097.568141332428,7241.479575766593,-143.91143443416513,4
Beverly Hills,2024-05-31,7258.312680107361,7246.0335541973045,12.279125910056791,4
Beverly Hills,2024-06-30,7338.78535246224,7251.090957843359,87.69439461888032,4
Beverly Hills,2024-07-31,7451.771927828138,7253.684616900273,198.08731092786547,4
Beverly Hills,2024-08-31,7314.7267471080995,7244.573839282279,70.15290782582088,4
Beverly Hills,2024-09-30,7337.097528817648,7234.462810739539,102.63471807810856,4
Beverly Hills,2024-10-31,7346.4956510532165,7224.895709218769,121.59994183444724,4
Beverly Hills,2024-11-30,7461.745697291655,7225.98308426631,235.76261302534567,4
Beverly Hills,2024-12-31,7248.158595110534,7232.278427494655,15.880167615879145,4
Boyle Heights,2024-01-31,2352.9453095431036,2271.7268247725374,81.21848477056619,4
Boyle Heights,2024-02-29,2290.658911913683,2256.7196827839066,33.93922912977632,4
Boyle Heights,2024-03-31,2241.0032067463258,2241.538199162749,-0.5349924164233926,4
Boyle Heights,2024-04-30,2250.1397530741174,2229.034759207042,21.104993867075336,4
Boyle Heights,2024-05-31,2284.8638467046594,2218.5241538661385,66.33969283852093,4
Boyle Heights,2024-06-30,2335.9215878626,2211.7344337621,124.18715410050027,4
Boyle Heights,2024-07-31,2292.0273670886068,2212.233808562919,79.79355852568779,4
Boyle Heights,2024-08-31,2279.7324616764067,2218.066623167799,61.66583850860752,4
Boyle Heights,2024-09-30,2265.924224459057,2228.3148084703002,37.60941598875661,4
Boyle Heights,2024-10-31,2240.782609703668,2241.425890224895,-0.643280521226643,4
Boyle Heights,2024-11-30,2268.941537785674,2257.1349472450624,11.806590540611523,4
Boyle Heights,2024-12-31,2296.0972732982877,2265.115541007649,30.981732290638774,4
Brentwood,2024-01-31,3763.096241198116,3815.6349475713896,-52.538706373273726,4
Brentwood,2024-02-29,3802.0168464131107,3801.794434213352,0.22241219975876447,4
Brentwood,2024-03-31,3777.414571786865,3794.408732615319,-16.994160828453914,4
Brentwood,2024-04-30,3796.0157480986218,3787.0760138658766,8.939734232745195,4
Brentwood,2024-05-31,3826.5048864621776,3785.338308734198,41.16657772797953,4
Brentwood,2024-06-30,3798.2876848948013,3780.9873481122036,17.300336782597697,4
Brentwood,2024-07-31,3804.846167737787,3775.6064157975998,29.239751940187034,4
Brentwood,2024-08-31,3822.103258277992,3768.777892006064,53.32536627192803,4
Brentwood,2024-09-30,3859.9656949195833,3766.9176834172085,93.04801150237472,4
Brentwood,2024-10-31,3855.492809662011,3771.639875406734,83.85293425527698,4
Brentwood,2024-11-30,3803.711636057597,3777.2195089077013,26.492127149895623,4
Brentwood,2024-12-31,3799.8698110493083,3788.635379928188,11.234431121120451,4
Culver City,2024-01-31,3094.1587407817046,3225.820919099594,-131.66217831788936,4
Culver City,2024-02-29,3152.8963623151776,3222.4447666859555,-69.54840437077792,4
Culver City,2024-03-31,3225.4515279829957,3223.4590564394953,1.9924715435004146,4
Culver City,2024-04-30,3246.128006016008,3225.81760896202,20.3103970539878,4
Culver City,2024-05-31,3246.8821681023865,3228.7347074495806,18.147460652805876,4
Culver City,2024-06-30,3255.9987784423834,3231.014973050271,24.983805392112572,4
Culver City,2024-07-31,3281.270536893927,3232.513612541043,48.75692435288374,4
Culver City,2024-08-31,3262.5851282937397,3231.112932885809,31.472195407930485,4
Culver City,2024-09-30,3251.002899103664,3228.2392275554403,22.763671548223556,4
Culver City,2024-10-31,3246.6808857193446,3224.414717730154,22.266167989190762,4
Culver City,2024-11-30,3260.378654187874,3221.417742298343,38.96091188953096,4
Culver City,2024-12-31,3256.9040938414705,3220.542593960901,36.36149988056968,4
Downtown LA,2024-01-31,2506.6798077511025,2535.6140995568067,-28.934291805704106,4
Downtown LA,2024-02-29,2529.7627346739023,2535.4593917810344,-5.696657107132069,4
Downtown LA,2024-03-31,2556.8996867934056,2540.4241308429127,16.47555595049289,4
Downtown LA,2024-04-30,2570.712311509407,2549.8393607357943,20.8729507736125,4
Downtown LA,2024-05-31,2580.399781317908,2560.5794821660506,19.820299151857398,4
Downtown LA,2024-06-30,2592.786555880506,2568.4918063558043,24.29474952470173,4
Downtown LA,2024-07-31,2602.9528203785853,2571.4390141616154,31.513806216969897,4
Downtown LA,2024-08-31,2597.5070628005587,2569.6885311642172,27.818531636341504,4
Downtown LA,2024-09-30,2584.819304729598,2564.4531867033406,20.36611802625748,4
Downtown LA,2024-10-31,2574.1432674823086,2557.4469494771793,16.696318005129342,4
Downtown LA,2024-11-30,2570.670845369662,2550.268820360842,20.402025008820146,4
Downtown LA,2024-12-31,2550.7479702733613,2544.1420251037357,6.6059451696255564,4
Exposition Park,2024-01-31,2371.1399429908715,2296.92173490662,74.21820808425173,4
Exposition Park,2024-02-29,2369.387874332126,2281.4498584290363,87.93801590308976,4
Exposition Park,2024-03-31,2342.454978119176,2272.951376676191,69.50360144298475,4
Exposition Park,2024-04-30,2390.607950878299,2269.8324220221266,120.77552885617251,4
Exposition Park,2024-05-31,2432.87857224395,2264.8506856222048,168.02788662174544,4
Exposition Park,2024-06-30,2488.280812856569,2263.762294896253,224.51851796031588,4
Exposition Park,2024-07-31,2431.842023740322,2261.640121426603,170.20190231371907,4
Exposition Park,2024-08-31,2381.6444080076517,2262.6000751357565,119.04433287189522,4
Exposition Park,2024-09-30,2381.236476914399,2262.022127056593,119.21434985780616,4
Exposition Park,2024-10-31,2431.7851330813046,2266.318166070746,165.46696701055862,4
Exposition Park,2024-11-30,2468.3386349047873,2272.067726170772,196.2709087340154,4
Exposition Park,2024-12-31,2478.859820692065,2281.271909739785,197.58791095228025,4
Glassell Park,2024-01-31,2703.989544648983,2706.0611718868604,-2.0716272378772373,4
Glassell Park,2024-02-29,2704.0626032390314,2691.529625362593,12.532977876438508,4
Glassell Park,2024-03-31,2726.3490648637194,2682.3032423691866,44.045822494532786,4
Glassell Park,2024-04-30,2786.1052730369597,2676.22898470858,109.87628832837981,4
Glassell Park,2024-05-31,2765.1411338628013,2674.378223433792,90.76291042900948,4
Glassell Park,2024-06-30,2756.843779506562,2668.150820207426,88.69295929913596,4
Glassell Park,2024-07-31,2768.7157651770303,2658.6775000247535,110.03826515227684,4
Glassell Park,2024-08-31,2786.9628769372584,2650.2006894325777,136.7621875046807,4
Glassell Park,2024-09-30,2820.96998153913,2652.1610597198496,168.80892181928039,4
Glassell Park,2024-10-31,2789.1941851536158,2660.808058656647,128.3861264969687,4
Glassell Park,2024-11-30,2789.486335004161,2674.153737640812,115.33259736334912,4
Glassell Park,2024-12-31,2734.5672055106024,2686.1984751152017,48.36873039540069,4
Hancock Park,2024-01-31,2256.1767484474585,2248.948035902966,7.228712544492737,4
Hancock Park,2024-02-29,2232.5324269438206,2244.8730487716352,-12.34062182781463,4
Hancock Park,2024-03-31,2232.1385202779684,2242.6346373106885,-10.496117032720122,4
Hancock Park,2024-04-30,2219.2436972780656,2239.4708538268146,-20.227156548749008,4
Hancock Park,2024-05-31,2247.3678192762536,2235.5886968097675,11.779122466486115,4
Hancock Park,2024-06-30,2243.6741828259505,2231.082371197702,12.591811628248706,4
Hancock Park,2024-07-31,2261.4974088190625,2227.0880331161206,34.409375702941816,4
Hancock Park,2024-08-31,2241.123521031845,2224.1723142727787,16.95120675906628,4
Hancock Park,2024-09-30,2255.890805540629,2222.5993220416844,33.29148349894467,4
Hancock Park,2024-10-31,2236.9636712349347,2222.3878221409736,14.575849093961097,4
Hancock Park,2024-11-30,2239.547311398821,2224.0346891672957,15.512622231525256,4
Hancock Park,2024-12-31,2211.2242823815577,2226.1144517197818,-14.890169338224041,4
Highland Park,2024-01-31,2686.6985853401625,2671.654021437225,15.044563902937625,4
Highland Park,2024-02-29,2696.99840395192,2655.7785090627317,41.219894889188254,4
Highland Park,2024-03-31,2715.7468704284383,2640.932088734051,74.81478169438742,4
Highland Park,2024-04-30,2695.1894249286197,2632.122959209809,63.06646571881083,4
Highland Park,2024-05-31,2716.848410758635,2622.053499178292,94.79491158034307,4
Highland Park,2024-06-30,2721.6955912538674,2609.458684249747,112.23690700412044,4
Highland Park,2024-07-31,2739.952360235953,2594.0037657424896,145.9485944934636,4
Highland Park,2024-08-31,2761.769639535905,2584.5520249028264,177.21761463307848,4
Highland Park,2024-09-30,2756.605574076515,2579.422526712524,177.18304736399114,4
Highland Park,2024-10-31,2766.6996423989467,2577.419948985305,189.27969341364178,4
Highland Park,2024-11-30,2769.9246909055914,2578.1483238843903,191.77636702120117,4
Highland Park,2024-12-31,2754.7190945476273,2583.048524318988,171.67057022863946,4
Koreatown,2024-01-31,2441.1120524156563,2441.1213075038618,-0.009255088205463835,4
Koreatown,2024-02-29,2421.406934693825,2439.997703831338,-18.590769137513234,4
Koreatown,2024-03-31,2441.7233894429046,2441.930980420934,-0.20759097802920223,4
Koreatown,2024-04-30,2468.59541370261,2444.732284043067,23.86312965954312,4
Koreatown,2024-05-31,2478.064153266331,2446.721703321512,31.34244994481878,4
Koreatown,2024-06-30,2469.7309315316743,2446.9350332959484,22.795898235725872,4
Koreatown,2024-07-31,2459.108382044342,2445.2878265472473,13.820555497094574,4
Koreatown,2024-08-31,2472.645683634778,2442.809383558975,29.836300075803138,4
Koreatown,2024-09-30,2470.422671898583,2440.0556906510333,30.366981247549575,4
Koreatown,2024-10-31,2464.796006781379,2437.5750132801595,27.22099350121971,4
Koreatown,2024-11-30,2437.4355480154773,2434.9806368254717,2.4549111900055323,4
Koreatown,2024-12-31,2398.54701890968,2432.286373138322,-33.73935422864179,4
Leimert Park,2024-01-31,2219.405201911914,2097.351608796316,122.05359311559778,4
Leimert Park,2024-02-29,2225.3540628151677,2065.8291236644786,159.52493915068908,4
Leimert Park,2024-03-31,2230.404921878463,2035.4129258866205,194.9919959918425,4
Leimert Park,2024-04-30,2172.1693135066275,2009.0266668269292,163.14264667969837,4
Leimert Park,2024-05-31,2163.3055195593565,1989.541884113069,173.76363544628748,4
Leimert Park,2024-06-30,2193.119023698386,1984.2816144473845,208.83740925100165,4
Leimert Park,2024-07-31,2217.322649965929,1983.4834675441687,233.83918242176037,4
Leimert Park,2024-08-31,2224.115793826731,1988.0465316893471,236.06926213738393,4
Leimert Park,2024-09-30,2213.7347803154967,1994.2719369355416,219.46284337995507,4
Leimert Park,2024-10-31,2203.5945267976062,2008.2136663792573,195.3808604183489,4
Leimert Park,2024-11-30,2228.8350654193177,2027.5246831331822,201.31038228613556,4
Leimert Park,2024-12-31,2206.8297637312326,2054.1945001316003,152.63526359963225,4
Los Feliz,2024-01-31,2599.622815023638,2583.5026634536503,16.120151569987684,4
Los Feliz,2024-02-29,2586.366454681122,2577.331198112956,9.035256568166005,4
Los Feliz,2024-03-31,2586.8974234203497,2574.710680914138,12.186742506211885,4
Los Feliz,2024-04-30,2586.258835626051,2570.860878031508,15.397957594543186,4
Los Feliz,2024-05-31,2614.9950251328237,2566.9306351560704,48.06438997675332,4
Los Feliz,2024-06-30,2636.9070129270167,2563.3912754724984,73.51573745451833,4
Los Feliz,2024-07-31,2647.9661221591396,2561.7068841759583,86.25923798318127,4
Los Feliz,2024-08-31,2641.7265053981937,2561.4422618873273,80.28424351086642,4
Los Feliz,2024-09-30,2646.9036831062936,2564.3070667130455,82.59661639324804,4
Los Feliz,2024-10-31,2644.9879510717974,2568.3577083410346,76.6302427307628,4
Los Feliz,2024-11-30,2625.301511543171,2572.7950638237726,52.50644771939824,4
Los Feliz,2024-12-31,2618.3260642530504,2575.744937755941,42.58112649710938,4
Mar Vista,2024-01-31,3028.849634456117,3057.2449960542367,-28.395361598119507,4
Mar Vista,2024-02-29,3043.1133644697748,3048.3347226981177,-5.221358228342979,4
Mar Vista,2024-03-31,3072.941721722052,3042.5333852398476,30.408336482204504,4
Mar Vista,2024-04-30,3090.656222399041,3035.363670170157,55.29255222888378,4
Mar Vista,2024-05-31,3096.1449184647236,3028.361326216652,67.78359224807173,4
Mar Vista,2024-06-30,3075.258902950418,3024.042758796695,51.21614415372278,4
Mar Vista,2024-07-31,3061.835777428047,3018.55517727193,43.28060015611709,4
Mar Vista,2024-08-31,3058.020007279483,3014.569933577722,43.45007370176063,4
Mar Vista,2024-09-30,3072.2446143738894,3015.0742380124007,57.17037636148871,4
Mar Vista,2024-10-31,3077.5958166191176,3020.339595276508,57.25622134260948,4
Mar Vista,2024-11-30,3079.1257773330954,3026.9868439606607,52.13893337243462,4
Mar Vista,2024-12-31,3055.555731980487,3034.2075366120876,21.3481953683995,4
Mid-Wilshire,2024-01-31,2749.2909877487386,2734.7572894010596,14.533698347679092,4
Mid-Wilshire,2024-02-29,2758.5472713688982,2712.263838675158,46.28343269374045,4
Mid-Wilshire,2024-03-31,2784.7550321662834,2695.6938525268743,89.06117963940915,4
Mid-Wilshire,2024-04-30,2792.4640971524036,2686.098159235368,106.36593791703581,4
Mid-Wilshire,2024-05-31,2799.970082166219,2683.586628678416,116.38345348780285,4
Mid-Wilshire,2024-06-30,2822.668973539675,2685.8189580375765,136.85001550209836,4
Mid-Wilshire,2024-07-31,2841.5494459681267,2689.5868489657514,151.96259700237533,4
Mid-Wilshire,2024-08-31,2852.8873049317617,2693.5898395138256,159.2974654179361,4
Mid-Wilshire,2024-09-30,2823.08469998708,2696.955523713988,126.12917627309207,4
Mid-Wilshire,2024-10-31,2830.9148712712486,2699.027175217651,131.88769605359767,4
Mid-Wilshire,2024-11-30,2817.7022028536967,2700.1931602742206,117.50904257947604,4
Mid-Wilshire,2024-12-31,2850.7311164938287,2701.8342642853363,148.89685220849242,4
Palms,2024-01-31,2572.618985500032,2586.483610704574,-13.86462520454188,4
Palms,2024-02-29,2586.7843211680533,2575.0931455403543,11.691175627699067,4
Palms,2024-03-31,2602.124009982807,2566.287670180368,35.83633980243894,4
Palms,2024-04-30,2621.0789476501927,2552.556245362258,68.52270228793486,4
Palms,2024-05-31,2620.439464754075,2533.853975788491,86.58548896558386,4
Palms,2024-06-30,2607.41819991445,2514.656408197873,92.76179171657668,4
Palms,2024-07-31,2614.2635553871232,2502.465087401714,111.79846798540939,4
Palms,2024-08-31,2624.8417457784685,2496.522839902237,128.31890587623138,4
Palms,2024-09-30,2650.1538905878456,2497.91133151408,152.24255907376573,4
Palms,2024-10-31,2640.782734478937,2503.2077276974765,137.57500678146062,4
Palms,2024-11-30,2626.277382954596,2514.998696328443,111.27868662615265,4
Palms,2024-12-31,2621.119166354233,2531.1082982318358,90.01086812239737,4
Santa Monica,2024-01-31,3442.5882428909586,3428.5002126728073,14.088030218151289,4
Santa Monica,2024-02-29,3478.596031444682,3406.991984758349,71.60404668633282,4
Santa Monica,2024-03-31,3488.934735698889,3384.6973303987374,104.23740530015175,4
Santa Monica,2024-04-30,3511.5853011119916,3359.2295671156057,152.35573399638588,4
Santa Monica,2024-05-31,3504.076983633222,3341.2077834061415,162.86920022708046,4
Santa Monica,2024-06-30,3502.6038622479905,3333.1668336641064,169.43702858388406,4
Santa Monica,2024-07-31,3502.985468646037,3331.4087581242543,171.57671052178284,4
Santa Monica,2024-08-31,3502.6467825185264,3332.2205974578324,170.42618506069402,4
Santa Monica,2024-09-30,3509.9291481531072,3336.489489231713,173.4396589213943,4
Santa Monica,2024-10-31,3497.6424827342803,3343.758452077918,153.88403065636248,4
Santa Monica,2024-11-30,3492.6961240091023,3358.0512548284273,134.64486918067496,4
Santa Monica,2024-12-31,3493.301409540725,3379.1119677370707,114.18944180365452,4
Silver Lake,2024-01-31,2748.041039057657,2784.4296286815356,-36.38858962387849,4
Silver Lake,2024-02-29,2750.6950343099393,2775.8513431764923,-25.15630886655299,4
Silver Lake,2024-03-31,2765.261003078728,2769.6305076183035,-4.369504539575246,4
Silver Lake,2024-04-30,2778.2219413917023,2761.9139403101512,16.308001081551083,4
Silver Lake,2024-05-31,2789.044182135517,2754.3383205314994,34.70586160401763,4
Silver Lake,2024-06-30,2792.512976650648,2747.3452775172027,45.16769913344524,4
Silver Lake,2024-07-31,2800.699341242725,2742.021027503992,58.67831373873287,4
Silver Lake,2024-08-31,2810.172519587301,2735.8794630106863,74.29305657661462,4
Silver Lake,2024-09-30,2822.316238783867,2735.5612463073703,86.75499247649668,4
Silver Lake,2024-10-31,2797.614290204393,2739.8445897556717,57.76970044872132,4
Silver Lake,2024-11-30,2806.7709922329423,2748.866721701294,57.90427053164831,4
Silver Lake,2024-12-31,2782.363026059806,2761.45214165548,20.910884404326225,4
University Park,2024-01-31,2381.2288532774915,2294.0132617856634,87.21559149182804,4
University Park,2024-02-29,2382.822606489594,2247.430155969398,135.39245052019578,4
University Park,2024-03-31,2377.625789554933,2211.6772947856507,165.9484947692822,4
University Park,2024-04-30,2352.183402145556,2187.0052543719185,165.17814777363765,4
University Park,2024-05-31,2318.19816530293,2172.19330632606,146.0048589768703,4
University Park,2024-06-30,2340.3555637264712,2167.5509253577334,172.80463836873787,4
University Park,2024-07-31,2374.8021498549533,2159.884109567756,214.91804028719753,4
University Park,2024-08-31,2385.326787217935,2153.9582497732367,231.36853744469818,4
University Park,2024-09-30,2392.2629763837804,2150.8180505125915,241.44492587118884,4
University Park,2024-10-31,2384.2516731584064,2147.549195345882,236.70247781252465,4
University Park,2024-11-30,2408.2267590858764,2145.3139209559176,262.9128381299588,4
University Park,2024-12-31,2428.59305729235,2140.71536162269,287.8776956696597,4
Vermont Square,2024-01-31,2327.328215567103,2253.927124274022,73.40109129308121,4
Vermont Square,2024-02-29,2338.489158513635,2225.3655005138717,113.12365799976351,4
Vermont Square,2024-03-31,2377.4024724354304,2198.7345698286117,178.66790260681864,4
Vermont Square,2024-04-30,2371.508266076222,2167.305943810481,204.2023222657408,4
Vermont Square,2024-05-31,2360.560491955558,2127.049219188512,233.5112727670462,4
Vermont Square,2024-06-30,2381.842195592453,2103.2825520341066,278.5596435583466,4
Vermont Square,2024-07-31,2389.7195416510194,2094.0337849436837,295.6857567073357,4
Vermont Square,2024-08-31,2408.9117471206105,2099.3617800100023,309.5499671106081,4
Vermont Square,2024-09-30,2380.806025571524,2104.542037864907,276.2639877066172,4
Vermont Square,2024-10-31,2412.1411445987483,2105.6026356200973,306.53850897865095,4
Vermont Square,2024-11-30,2494.0721384627573,2101.6767644284246,392.3953740343327,4
Vermont Square,2024-12-31,2536.6450217324036,2111.6210552364105,425.02396649599314,4
West Adams,2024-01-31,2825.2568167961726,2838.784920597271,-13.528103801098496,4
West Adams,2024-02-29,2852.1903772914557,2824.930742432151,27.259634859304697,4
West Adams,2024-03-31,2862.901092040946,2815.248833970309,47.65225807063689,4
West Adams,2024-04-30,2890.981002777327,2803.5223147660286,87.45868801129836,4
West Adams,2024-05-31,2864.2848246300346,2786.5385453233794,77.7462793066552,4
West Adams,2024-06-30,2856.0415966655187,2773.019909388399,83.02168727711978,4
West Adams,2024-07-31,2856.0495217177986,2760.3094573622075,95.74006435559113,4
West Adams,2024-08-31,2870.198917970177,2756.502689487704,113.69622848247263,4
West Adams,2024-09-30,2911.673446144546,2757.39554354739,154.27790259715584,4
West Adams,2024-10-31,2922.8530048770835,2764.059154311141,158.79385056594265,4
West Adams,2024-11-30,2924.7198623670547,2775.33188845035,149.3879739167046,4
West Adams,2024-12-31,2884.245394034461,2791.7961779685966,92.44921606586422,4
West Hollywood,2024-01-31,3088.441352808543,3134.8762507339925,-46.434897925449604,4
West Hollywood,2024-02-29,3114.162561980735,3129.4502686373453,-15.287706656610226,4
West Hollywood,2024-03-31,3126.521742746994,3128.0457172588904,-1.5239745118965402,4
West Hollywood,2024-04-30,3118.6229241321125,3127.899909803294,-9.276985671181592,4
West Hollywood,2024-05-31,3107.302845108711,3127.159603206902,-19.856758098190767,4
West Hollywood,2024-06-30,3109.3389286041224,3123.8607962345063,-14.521867630383895,4
West Hollywood,2024-07-31,3124.9752417681652,3118.830006985332,6.145234782833086,4
West Hollywood,2024-08-31,3119.9555027793767,3113.8730159508927,6.0824868284839795,4
West Hollywood,2024-09-30,3119.7661636262037,3111.506142667437,8.260020958766745,4
West Hollywood,2024-10-31,3132.896720718771,3111.48547819372,21.411242525050966,4
West Hollywood,2024-11-30,3142.602707192659,3113.918044544975,28.684662647684036,4
West Hollywood,2024-12-31,3132.161647175205,3118.7453897381274,13.416257437077547,4
Westwood,2024-01-31,3778.737836024798,3839.821663122828,-61.083827098029815,4
Westwood,2024-02-29,3813.6013607751256,3831.5586840486512,-17.957323273525617,4
Westwood,2024-03-31,3847.731335543519,3826.052610812844,21.678724730675185,4
Westwood,2024-04-30,3886.0196954494354,3817.1049029398073,68.91479250962811,4
Westwood,2024-05-31,3925.182154154588,3805.003952900181,120.17820125440676,4
Westwood,2024-06-30,3917.4412158917885,3791.244791336356,126.19642455543271,4
Westwood,2024-07-31,3913.578403052266,3778.50684109852,135.0715619537459,4
Westwood,2024-08-31,3892.8374754976667,3770.5949342235476,122.24254127411905,4
Westwood,2024-09-30,3882.529412142146,3773.360580721313,109.16883142083316,4
Westwood,2024-10-31,3844.364768712269,3784.2763499222174,60.08841879005149,4
Westwood,2024-11-30,3856.780218192047,3799.927831385685,56.85238680636212,4
Westwood,2024-12-31,3870.2358061399655,3816.0009510861505,54.234855053814954,4
Beverly Hills,2025-01-31,7562.076762021531,7322.577231978516,239.4995300430155,5
Beverly Hills,2025-02-28,8008.718870249946,7305.229579061583,703.4892911883635,5
Beverly Hills,2025-03-31,8431.527714319036,7297.585541639133,1133.9421726799028,5
Beverly Hills,2025-04-30,8342.566054893881,7295.650076856261,1046.9159780376203,5
Beverly Hills,2025-05-31,8333.638094234837,7295.346499582943,1038.2915946518942,5
Beverly Hills,2025-06-30,8340.07229319707,7293.217307367588,1046.8549858294828,5
Beverly Hills,2025-07-31,8432.814617977669,7283.870916743111,1148.943701234558,5
Beverly Hills,2025-08-31,8356.84845018818,7267.622294452761,1089.2261557354186,5
Beverly Hills,2025-09-30,8367.152194948781,7244.073607376262,1123.0785875725196,5
Beverly Hills,2025-10-31,8217.117536658976,7216.073393876614,1001.0441427823616,5
Beverly Hills,2025-11-30,8205.897631452563,7187.889724756152,1018.0079066964108,5
Beverly Hills,2025-12-31,8133.311262254381,7162.501531842046,970.8097304123357,5
Boyle Heights,2025-01-31,2256.653766449962,2309.056766480872,-52.40300003090988,5
Boyle Heights,2025-02-28,2219.9727407611454,2302.8444211174833,-82.87168035633795,5
Boyle Heights,2025-03-31,2289.2533299915904,2300.8942010009937,-11.640871009403327,5
Boyle Heights,2025-04-30,2328.3645746148272,2300.3455103134434,28.019064301383878,5
Boyle Heights,2025-05-31,2286.563952009352,2299.9295387766592,-13.365586767307377,5
Boyle Heights,2025-06-30,2255.243604366337,2301.898754954804,-46.65515058846722,5
Boyle Heights,2025-07-31,2219.7613040415526,2287.5337220635984,-67.77241802204571,5
Boyle Heights,2025-08-31,2302.5242952651183,2260.689838563161,41.83445670195715,5
Boyle Heights,2025-09-30,2316.5530134380824,2231.9309093204,84.62210411768228,5
Boyle Heights,2025-10-31,2327.9097877920603,2221.5803774590468,106.32941033301358,5
Boyle Heights,2025-11-30,2366.2267859707476,2241.412202507135,124.81458346361251,5
Boyle Heights,2025-12-31,2360.049646641627,2273.5632901398135,86.48635650181359,5
Brentwood,2025-01-31,3874.6517632740643,3912.43419850167,-37.782435227605674,5
Brentwood,2025-02-28,4026.0157202104433,3910.4383802808393,115.57733992960402,5
Brentwood,2025-03-31,4109.859806764122,3913.7169912002323,196.14281556389005,5
Brentwood,2025-04-30,4100.808153240598,3917.853250353067,182.9549028875308,5
Brentwood,2025-05-31,4085.6348411322065,3922.4024780452246,163.23236308698188,5
Brentwood,2025-06-30,4106.817603123885,3924.313250835271,182.50435228861443,5
Brentwood,2025-07-31,4098.353701590652,3921.4532106214,176.90049096925213,5
Brentwood,2025-08-31,4101.1098019829415,3915.3694028347263,185.74039914821515,5
Brentwood,2025-09-30,4094.3425505921946,3907.382987777005,186.95956281518966,5
Brentwood,2025-10-31,4100.697556970618,3898.902300417375,201.79525655324323,5
Brentwood,2025-11-30,4067.5606818871524,3889.3321881179468,178.22849376920567,5
Brentwood,2025-12-31,4043.8619064339396,3878.0030989930437,165.85880744089582,5
Culver City,2025-01-31,3306.0237456715568,3285.117625037512,20.906120634044782,5
Culver City,2025-02-28,3361.3676847942615,3280.0957849691736,81.27189982508798,5
Culver City,2025-03-31,3373.958436292934,3278.296862517876,95.66157377505806,5
Culver City,2025-04-30,3345.8653998864825,3277.8399768041822,68.02542308230022,5
Culver City,2025-05-31,3362.3071567657817,3277.78175307428,84.52540369150165,5
Culver City,2025-06-30,3364.3445536698923,3276.9488993330874,87.39565433680491,5
Culver City,2025-07-31,3410.6558067266355,3274.1641629842356,136.4916437423999,5
Culver City,2025-08-31,3355.7593577306243,3269.797701246031,85.96165648459328,5
Culver City,2025-09-30,3370.1265979097875,3267.4853171925497,102.6412807172378,5
Culver City,2025-10-31,3340.5800208301644,3267.9099688154583,72.67005201470602,5
Culver City,2025-11-30,3363.911489382931,3270.2268049317026,93.68468445122835,5
Culver City,2025-12-31,3328.8799709791065,3271.636692262197,57.24327871690957,5
Downtown LA,2025-01-31,2551.1169392783995,2572.8428110271643,-21.725871748764803,5
Downtown LA,2025-02-28,2557.886155633988,2575.135544299829,-17.249388665840797,5
Downtown LA,2025-03-31,2575.388436842441,2580.6716987500276,-5.2832619075866205,5
Downtown LA,2025-04-30,2575.21018040482,2587.3922941701553,-12.182113765335089,5
Downtown LA,2025-05-31,2580.2653531707424,2593.034452384332,-12.76909921358947,5
Downtown LA,2025-06-30,2584.122877875999,2595.884643402881,-11.761765526881845,5
Downtown LA,2025-07-31,2596.026362623689,2595.519002771324,0.5073598523649707,5
Downtown LA,2025-08-31,2593.2298479196247,2592.258174032697,0.9716738869278743,5
Downtown LA,2025-09-30,2596.1965717065673,2587.1844445512816,9.012127155285725,5
Downtown LA,2025-10-31,2581.1159173153437,2581.6538099709346,-0.5378926555908947,5
Downtown LA,2025-11-30,2551.664012073412,2576.6878849227846,-25.023872849372765,5
Downtown LA,2025-12-31,2530.6866138870264,2572.9286211035696,-42.24200721654324,5
Exposition Park,2025-01-31,2505.9483219097965,2288.7734188157897,217.17490309400682,5
Exposition Park,2025-02-28,2487.892605483227,2274.2594853768833,213.63312010634354,5
Exposition Park,2025-03-31,2478.2333096983784,2264.2558992658273,213.9774104325511,5
Exposition Park,2025-04-30,2452.8149357893326,2254.4553908728753,198.35954491645725,5
Exposition Park,2025-05-31,2416.383501683423,2249.572207790995,166.81129389242824,5
Exposition Park,2025-06-30,2374.0580612586396,2235.396441272755,138.6616199858845,5
Exposition Park,2025-07-31,2381.6233525449584,2216.5527291598096,165.0706233851488,5
Exposition Park,2025-08-31,2439.648978468647,2208.7280439736483,230.92093449499862,5
Exposition Park,2025-09-30,2546.3285561554962,2210.362005326365,335.9665508291314,5
Exposition Park,2025-10-31,2486.775177542085,2215.3466489294865,271.4285286125987,5
Exposition Park,2025-11-30,2438.604892126783,2221.62797044108,216.97692168570302,5
Exposition Park,2025-12-31,2412.408501898033,2227.7235399470496,184.6849619509835,5
Glassell Park,2025-01-31,2752.088238551536,2801.7932073193806,-49.70496876784455,5
Glassell Park,2025-02-28,2800.0273219003147,2799.1608163171722,0.8665055831424979,5
Glassell Park,2025-03-31,2830.6317723201128,2799.1376606738254,31.494111646287365,5
Glassell Park,2025-04-30,2852.9518969542887,2800.9223354044634,52.0295615498253,5
Glassell Park,2025-05-31,2838.2022310304674,2804.2840728323267,33.918158198140645,5
Glassell Park,2025-06-30,2886.4416053258096,2806.8705328412548,79.57107248455486,5
Glassell Park,2025-07-31,2923.9748749592122,2808.473399150774,115.50147580843804,5
Glassell Park,2025-08-31,2942.787567533665,2808.4064675101517,134.38110002351323,5
Glassell Park,2025-09-30,2927.8120073227424,2807.4493112453915,120.36269607735085,5
Glassell Park,2025-10-31,2885.804177226481,2805.943067632562,79.86110959391908,5
Glassell Park,2025-11-30,2814.562544594238,2804.189450197289,10.373094396949,5
Glassell Park,2025-12-31,2811.9039837712644,2802.536075288596,9.367908482668554,5
Hancock Park,2025-01-31,2279.718906370782,2288.0863061620203,-8.367399791238313,5
Hancock Park,2025-02-28,2302.0138266290405,2286.283874800648,15.729951828392586,5
Hancock Park,2025-03-31,2332.1899278809406,2285.537179275257,46.65274860568343,5
Hancock Park,2025-04-30,2303.92466820085,2285.4451586283203,18.479509572529878,5
Hancock Park,2025-05-31,2321.876782134572,2285.7012667736767,36.17551536089513,5
Hancock Park,2025-06-30,2314.799590034631,2285.998182792134,28.801407242497135,5
Hancock Park,2025-07-31,2308.8853411450664,2286.013804901963,22.871536243103492,5
Hancock Park,2025-08-31,2289.4195871906204,2285.806437444098,3.613149746522595,5
Hancock Park,2025-09-30,2271.9841835792067,2285.255221224029,-13.271037644822172,5
Hancock Park,2025-10-31,2266.923933521136,2284.637826883533,-17.713893362396902,5
Hancock Park,2025-11-30,2251.848280223723,2283.7852448895856,-31.936964665862433,5
Hancock Park,2025-12-31,2249.561880770232,2282.705791783415,-33.14391101318279,5
Highland Park,2025-01-31,2800.4539154297922,2767.904994521558,32.54892090823432,5
Highland Park,2025-02-28,2805.0167807576663,2760.1994347309733,44.81734602669303,5
Highland Park,2025-03-31,2840.1288666200635,2759.007607234223,81.1212593858404,5
Highland Park,2025-04-30,2831.475319963933,2756.332072933192,75.1432470307409,5
Highland Park,2025-05-31,2830.901467108423,2755.708677088302,75.19279002012081,5
Highland Park,2025-06-30,2862.900731894717,2755.7240324347667,107.17669945995021,5
Highland Park,2025-07-31,2887.58421007958,2756.3272619697436,131.25694810983623,5
Highland Park,2025-08-31,2895.2071887601087,2755.9470681325906,139.26012062751806,5
Highland Park,2025-09-30,2929.139893187539,2755.870958406997,173.26893478054217,5
Highland Park,2025-10-31,2896.1590215580873,2756.4101836789814,139.74883787910585,5
Highland Park,2025-11-30,2889.014811794699,2757.8774565727194,131.13735522197976,5
Highland Park,2025-12-31,2837.1176292500577,2757.3909815990814,79.72664765097625,5
Koreatown,2025-01-31,2410.9892162055003,2467.934794000217,-56.94557779471688,5
Koreatown,2025-02-28,2434.9989710059926,2468.1157866428994,-33.11681563690672,5
Koreatown,2025-03-31,2478.140680870418,2471.0680794345,7.072601435917932,5
Koreatown,2025-04-30,2471.341890779069,2475.59126562658,-4.249374847510808,5
Koreatown,2025-05-31,2469.95814222542,2480.1405145143426,-10.18237228892258,5
Koreatown,2025-06-30,2472.8410237684775,2483.2559478438025,-10.414924075324961,5
Koreatown,2025-07-31,2487.7784836162896,2484.1462192264125,3.6322643898770366,5
Koreatown,2025-08-31,2497.686179885184,2482.824436529967,14.861743355217186,5
Koreatown,2025-09-30,2499.979842493146,2479.982776285101,19.997066208045,5
Koreatown,2025-10-31,2495.6959801032276,2476.3566487953817,19.339331307845896,5
Koreatown,2025-11-30,2488.1425272883657,2472.300984206591,15.841543081774944,5
Koreatown,2025-12-31,2479.592134277678,2468.0853546579524,11.506779619725421,5
Leimert Park,2025-01-31,2219.7566931916435,2209.886544111938,9.870149079705698,5
Leimert Park,2025-02-28,2186.9369410424806,2201.71198791933,-14.775046876849501,5
Leimert Park,2025-03-31,2198.2329233802166,2191.9051648174286,6.327758562787949,5
Leimert Park,2025-04-30,2214.391962712263,2172.187885639059,42.20407707320419,5
Leimert Park,2025-05-31,2245.197423230607,2160.0311170660443,85.16630616456268,5
Leimert Park,2025-06-30,2288.4723704110047,2142.314016124642,146.15835428636274,5
Leimert Park,2025-07-31,2279.883413109798,2116.613026542278,163.27038656751984,5
Leimert Park,2025-08-31,2264.506757553841,2082.5570148095317,181.94974274430933,5
Leimert Park,2025-09-30,2253.937430704931,2062.8438673955798,191.09356330935134,5
Leimert Park,2025-10-31,2266.563746065301,2052.723273942334,213.84047212296718,5
Leimert Park,2025-11-30,2263.003698943607,2064.642076664848,198.3616222787591,5
Leimert Park,2025-12-31,2216.7624183808434,2101.5645460357705,115.19787234507294,5
Los Feliz,2025-01-31,2640.738957671466,2634.7787178457925,5.960239825673398,5
Los Feliz,2025-02-28,2663.7337609781016,2627.0696030660547,36.6641579120469,5
Los Feliz,2025-03-31,2646.3452113713433,2622.510835232519,23.834376138824155,5
Los Feliz,2025-04-30,2632.1860798234893,2621.8133437957863,10.372736027703013,5
Los Feliz,2025-05-31,2659.8119926199624,2623.097572774244,36.71441984571857,5
Los Feliz,2025-06-30,2688.5105118001466,2624.5900596192473,63.92045218089925,5
Los Feliz,2025-07-31,2698.4442970902683,2619.4755996088397,78.96869748142853,5
Los Feliz,2025-08-31,2682.9278007482035,2615.1945994927414,67.73320125546206,5
Los Feliz,2025-09-30,2687.186543500742,2611.6564623967456,75.53008110399651,5
Los Feliz,2025-10-31,2678.5400906806167,2612.4781666412878,66.06192403932891,5
Los Feliz,2025-11-30,2673.306454505234,2615.819498485978,57.48695601925601,5
Los Feliz,2025-12-31,2668.7948137654325,2623.635156025741,45.15965773969174,5
Mar Vista,2025-01-31,3068.895545569277,3126.507039494567,-57.61149392528978,5
Mar Vista,2025-02-28,3094.5100262564138,3124.3386241482076,-29.828597891793834,5
Mar Vista,2025-03-31,3164.2847205230655,3125.3974886807528,38.88723184231276,5
Mar Vista,2025-04-30,3168.3196626100025,3127.796424018462,40.523238591540576,5
Mar Vista,2025-05-31,3182.365005930025,3130.503593246039,51.86141268398569,5
Mar Vista,2025-06-30,3149.698647544744,3132.186803336169,17.511844208574985,5
Mar Vista,2025-07-31,3167.6754579597064,3131.769306440676,35.90615151903057,5
Mar Vista,2025-08-31,3153.2868613675796,3130.097444403524,23.189416964055454,5
Mar Vista,2025-09-30,3187.681898046327,3128.049120841022,59.63277720530505,5
Mar Vista,2025-10-31,3179.274282643986,3125.3663068655387,53.90797577844751,5
Mar Vista,2025-11-30,3177.6759549769117,3122.6820617181957,54.99389325871607,5
Mar Vista,2025-12-31,3130.157426969264,3119.3771186017248,10.78030836753942,5
Mid-Wilshire,2025-01-31,2861.639169368884,2865.372637769055,-3.733468400171205,5
Mid-Wilshire,2025-02-28,2901.658979375499,2861.0552750570264,40.60370431847241,5
Mid-Wilshire,2025-03-31,2909.165015035506,2860.4567833873725,48.70823164813328,5
Mid-Wilshire,2025-04-30,2881.33935603048,2862.807104303818,18.532251726661798,5
Mid-Wilshire,2025-05-31,2839.7338475391653,2865.9543599220424,-26.220512382877132,5
Mid-Wilshire,2025-06-30,2831.0652116763717,2868.788351965166,-37.723140288794184,5
Mid-Wilshire,2025-07-31,2850.9306849968716,2870.55455347557,-19.62386847869857,5
Mid-Wilshire,2025-08-31,2869.498614151609,2870.877676175906,-1.3790620242966725,5
Mid-Wilshire,2025-09-30,2855.3977240861823,2869.4330329612626,-14.035308875080318,5
Mid-Wilshire,2025-10-31,2840.689181017835,2865.950994764,-25.26181374616499,5
Mid-Wilshire,2025-11-30,2819.08130989683,2861.408155208414,-42.32684531158384,5
Mid-Wilshire,2025-12-31,2822.822510282203,2856.0313867219993,-33.20887643979631,5
Palms,2025-01-31,2645.1712938278342,2661.314245344707,-16.142951516872927,5
Palms,2025-02-28,2663.176508888647,2658.3818561683097,4.794652720337126,5
Palms,2025-03-31,2671.230681251159,2658.0171258908476,13.213555360311148,5
Palms,2025-04-30,2664.507654460515,2659.5453045993913,4.962349861123585,5
Palms,2025-05-31,2666.0189534174856,2661.143665221579,4.875288195906705,5
Palms,2025-06-30,2660.561412826067,2662.587687254746,-2.0262744286787893,5
Palms,2025-07-31,2662.3346450336476,2662.3250277566763,0.009617276971312094,5
Palms,2025-08-31,2672.3447228474547,2661.758906857778,10.585815989676576,5
Palms,2025-09-30,2687.545764419825,2661.2968594206627,26.248904999162278,5
Palms,2025-10-31,2689.156229166348,2660.6899146115074,28.466314554840665,5
Palms,2025-11-30,2683.5827200600506,2660.531966792685,23.050753267365508,5
Palms,2025-12-31,2665.558292452794,2659.9347272904965,5.623565162297382,5
Santa Monica,2025-01-31,3547.491320558021,3535.974411774466,11.516908783555209,5
Santa Monica,2025-02-28,3590.989303682611,3530.087425148297,60.901878534314164,5
Santa Monica,2025-03-31,3649.549323730773,3527.359532396869,122.18979133390394,5
Santa Monica,2025-04-30,3650.5982972325237,3526.539815312784,124.05848191973973,5
Santa Monica,2025-05-31,3629.9787252907354,3524.403206105756,105.57551918497938,5
Santa Monica,2025-06-30,3614.083308896292,3520.857673057527,93.2256358387649,5
Santa Monica,2025-07-31,3585.257135670765,3514.138103715356,71.1190319554089,5
Santa Monica,2025-08-31,3597.848474927244,3509.6717571454433,88.17671778180056,5
Santa Monica,2025-09-30,3605.715919867483,3509.3715764827953,96.34434338468782,5
Santa Monica,2025-10-31,3613.9120980301363,3513.0064766920127,100.90562133812364,5
Santa Monica,2025-11-30,3616.6006363156102,3519.9555636829546,96.64507263265568,5
Santa Monica,2025-12-31,3604.544742454857,3525.3491892443976,79.19555321045937,5
Silver Lake,2025-01-31,2816.5106763215167,2838.415357629336,-21.904681307819374,5
Silver Lake,2025-02-28,2818.835452285086,2838.1623100856764,-19.32685780059046,5
Silver Lake,2025-03-31,2876.7752100287885,2840.918559051427,35.85665097736137,5
Silver Lake,2025-04-30,2882.332671938746,2844.9669382952306,37.36573364351534,5
Silver Lake,2025-05-31,2883.0406757925293,2849.0426869172256,33.99798887530369,5
Silver Lake,2025-06-30,2889.253977619439,2852.278233774226,36.975743845212946,5
Silver Lake,2025-07-31,2900.644597858695,2853.4905923280394,47.15400553065547,5
Silver Lake,2025-08-31,2941.8686032358255,2852.3142812479414,89.55432198788412,5
Silver Lake,2025-09-30,2923.816209590257,2849.3458957602875,74.47031382996965,5
Silver Lake,2025-10-31,2905.655530478013,2845.264711408129,60.390819069883946,5
Silver Lake,2025-11-30,2857.812355421772,2839.9880001929273,17.824355228844524,5
Silver Lake,2025-12-31,2844.2202406254155,2834.2980185193146,9.92222210610089,5
University Park,2025-01-31,2398.343621077233,2172.663098197848,225.68052287938508,5
University Park,2025-02-28,2407.702208876092,2138.5792813821254,269.1229274939665,5
University Park,2025-03-31,2351.3527739016577,2130.6878703593256,220.664903542332,5
University Park,2025-04-30,2412.250305987797,2129.0197425792853,283.2305634085119,5
University Park,2025-05-31,2456.8422740533524,2130.0339627730796,326.80831128027285,5
University Park,2025-06-30,2544.562637407422,2136.0369718406614,408.5256655667604,5
University Park,2025-07-31,2481.1898688203364,2138.49845952183,342.69140929850664,5
University Park,2025-08-31,2397.6561551472046,2139.3846566917396,258.271498455465,5
University Park,2025-09-30,2377.2337891913267,2139.0183706740568,238.21541851726988,5
University Park,2025-10-31,2422.995735055227,2136.8671137317515,286.1286213234757,5
University Park,2025-11-30,2475.1351754139187,2139.6950495482056,335.44012586571307,5
University Park,2025-12-31,2437.5754200174147,2148.2183762809004,289.35704373651424,5
Vermont Square,2025-01-31,2510.7644064242754,2176.05000799586,334.7143984284153,5
Vermont Square,2025-02-28,2467.7102466367405,2157.1323393802177,310.57790725652285,5
Vermont Square,2025-03-31,2425.137993274333,2155.84924572159,269.2887475527432,5
Vermont Square,2025-04-30,2382.2009140714435,2123.654417997291,258.5464960741524,5
Vermont Square,2025-05-31,2320.1387966817333,2110.905312865839,209.2334838158945,5
Vermont Square,2025-06-30,2340.2160765967005,2103.9648545464674,236.25122205023308,5
Vermont Square,2025-07-31,2334.9117920604767,2098.418031759356,236.4937603011208,5
Vermont Square,2025-08-31,2348.706007445221,2084.10224291047,264.603764534751,5
Vermont Square,2025-09-30,2300.8606636485574,2074.466086291454,226.39457735710357,5
Vermont Square,2025-10-31,2323.748261016811,2069.296533436204,254.45172758060698,5
Vermont Square,2025-11-30,2330.621795115444,2085.9206002454616,244.70119486998237,5
Vermont Square,2025-12-31,2351.326900836823,2080.908500236106,270.4184006007167,5
West Adams,2025-01-31,2888.160936877777,2896.270414750322,-8.10947787254463,5
West Adams,2025-02-28,2897.1553833170574,2889.4465491440465,7.708834173010928,5
West Adams,2025-03-31,2958.3064712851965,2887.9126229684884,70.39384831670804,5
West Adams,2025-04-30,2961.4044678451505,2887.198801246247,74.20566659890346,5
West Adams,2025-05-31,2987.321129410869,2888.639261913386,98.68186749748338,5
West Adams,2025-06-30,2977.405425313549,2891.9737705160887,85.4316547974604,5
West Adams,2025-07-31,2996.4304297692133,2895.216343237768,101.21408653144545,5
West Adams,2025-08-31,3013.7794373117767,2897.1172217508374,116.66221556093933,5
West Adams,2025-09-30,3008.171084840456,2897.869442395274,110.3016424451821,5
West Adams,2025-10-31,2977.150900589578,2897.450522285657,79.7003783039213,5
West Adams,2025-11-30,2925.6379552787603,2897.8407618816154,27.797193397144838,5
West Adams,2025-12-31,2922.9371343838147,2898.5654096736102,24.37172471020449,5
West Hollywood,2025-01-31,3188.5544969831612,3180.24814525205,8.306351731111135,5
West Hollywood,2025-02-28,3220.518738176578,3177.1941843024524,43.32455387412574,5
West Hollywood,2025-03-31,3276.1990774175706,3176.870708618474,99.32836879909655,5
West Hollywood,2025-04-30,3244.8217900329682,3177.8132666216393,67.00852341132895,5
West Hollywood,2025-05-31,3226.967465683529,3179.0404783587496,47.926987324779475,5
West Hollywood,2025-06-30,3193.4947422485584,3179.5824522530424,13.912289995515948,5
West Hollywood,2025-07-31,3183.084739791131,3179.3346489469036,3.750090844227543,5
West Hollywood,2025-08-31,3189.6854205482764,3178.461118561478,11.22430198679831,5
West Hollywood,2025-09-30,3215.8502709011964,3176.9649765886807,38.885294312515725,5
West Hollywood,2025-10-31,3208.099097395346,3174.6723639757906,33.42673341955515,5
West Hollywood,2025-11-30,3201.8895812519872,3172.1298061560706,29.759775095916666,5
West Hollywood,2025-12-31,3147.857556292011,3169.1888182980592,-21.33126200604829,5
Westwood,2025-01-31,3967.949658396131,3909.5842503044487,58.365408091682184,5
Westwood,2025-02-28,4025.6962705200744,3905.8866392134755,119.80963130659893,5
Westwood,2025-03-31,4073.8095916219554,3905.0137069308134,168.79588469114196,5
Westwood,2025-04-30,4025.3165118710476,3905.0905491563694,120.22596271467819,5
Westwood,2025-05-31,4036.655611579473,3905.6868855726143,130.96872600685856,5
Westwood,2025-06-30,4001.8327916856374,3905.806757472904,96.02603421273352,5
Westwood,2025-07-31,4010.4886732575574,3903.7033309330723,106.7853423244851,5
Westwood,2025-08-31,3995.244306078257,3901.203453056344,94.04085302191288,5
Westwood,2025-09-30,3966.5463225283456,3899.793019510252,66.75330301809345,5
Westwood,2025-10-31,3950.7118951205625,3899.7598477220554,50.95204739850715,5
Westwood,2025-11-30,3920.464383245522,3903.0108801230917,17.453503122430448,5
Westwood,2025-12-31,3964.161338319206,3906.116212961111,58.04512535809499,5
